time;Азимут:;Наклон:;Крен:
1509974784.987;53.938;-63.537;133.092
1509974784.988;60.186;-63.537;133.092
1509974784.998;60.732;-62.926;132.175
1509974785.016;41.208;-63.986;124.989
1509974785.02;35.407;-63.986;124.989
1509974785.036;16.043;-63.390;118.244
1509974785.056;12.164;-61.953;116.623
1509974785.078;25.462;-61.174;119.342
1509974785.098;27.134;-61.039;119.636
1509974785.099;40.824;-61.039;119.636
1509974785.12;34.702;-60.037;116.779
1509974785.137;32.653;-59.634;115.886
1509974785.156;39.958;-61.968;120.554
1509974785.174;31.886;-61.968;120.554
1509974785.176;28.434;-61.923;119.465
1509974785.197;13.721;-59.844;114.578
1509974785.217;12.119;-61.561;114.871
1509974785.239;14.287;-63.619;116.264
1509974785.26;27.219;-63.619;116.264
1509974785.261;34.991;-64.277;119.703
1509974785.277;44.946;-63.718;123.145
1509974785.29;35.241;-63.718;123.145
1509974785.297;10.503;-62.340;115.058
1509974785.32;-28.835;-60.945;106.667
1509974785.338;-24.119;-61.067;107.645
1509974785.358;-9.438;-66.125;109.303
1509974785.366;-9.244;-66.125;109.303
1509974785.378;-46.657;-68.013;90.338
1509974785.398;-101.752;-58.993;59.865
1509974785.418;-119.778;-50.412;47.810
1509974785.439;-102.678;-57.377;62.873
1509974785.446;-106.596;-57.377;62.873
1509974785.458;-106.018;-48.207;113.017
1509974785.48;122.917;-44.342;142.494
1509974785.499;127.857;-36.652;165.635
1509974785.522;135.811;-29.220;166.785
1509974785.523;136.839;-29.220;166.785
1509974785.544;134.806;-24.152;175.725
1509974785.559;132.356;-22.336;-178.284
1509974785.56;117.550;-22.336;-178.284
1509974785.579;131.308;-19.864;179.720
1509974785.599;133.735;-19.618;179.137
1509974785.618;118.686;-19.864;-172.821
1509974785.636;62.383;-19.864;-172.821
1509974785.638;75.058;-17.346;-175.024
1509974785.66;99.908;-15.352;-176.992
1509974785.679;112.743;-14.335;-176.434
1509974785.698;129.931;-13.181;-176.992
1509974785.713;11.883;-13.181;-176.992
1509974785.72;40.047;-13.731;-174.043
1509974785.739;75.497;-10.286;-173.890
1509974785.76;62.485;-12.490;-171.669
1509974785.78;86.649;-9.755;-170.533
1509974785.79;49.356;-9.755;-170.533
1509974785.803;16.021;-8.490;-175.682
1509974785.82;-47.286;-8.460;178.548
1509974785.828;-34.887;-8.460;178.548
1509974785.839;44.732;-7.459;-174.960
1509974785.861;89.988;-4.053;-171.434
1509974785.88;154.316;-2.969;-177.852
1509974785.903;-126.832;-3.055;-179.655
1509974785.904;-44.025;-3.055;-179.655
1509974785.92;24.440;-7.356;-175.211
1509974785.94;59.264;-6.151;-169.878
1509974785.961;73.859;-2.422;-174.084
1509974785.98;26.173;-7.371;-174.980
1509974785.986;15.615;-7.371;-174.980
1509974786.001;17.083;-8.128;-174.566
1509974786.021;-35.611;-5.287;179.939
1509974786.04;-20.413;-7.114;-179.184
1509974786.061;175.366;13.018;-175.718
1509974786.062;173.562;13.018;-175.718
1509974786.083;40.156;-7.789;-170.227
1509974786.1;36.653;-7.789;-170.227
1509974786.102;4.933;-10.037;-175.332
1509974786.121;44.962;-5.060;-170.870
1509974786.142;-29.940;-6.054;-179.881
1509974786.162;-77.219;-2.069;173.339
1509974786.174;-76.716;-2.069;173.339
1509974786.182;-67.348;-0.930;-178.683
1509974786.202;-46.465;-3.739;-179.248
1509974786.223;-15.559;-5.109;-176.093
1509974786.242;12.567;-5.692;-172.986
1509974786.252;3.962;-5.692;-172.986
1509974786.261;49.565;-4.328;-166.269
1509974786.281;42.164;-2.880;-169.215
1509974786.301;51.208;-2.355;-168.262
1509974786.321;66.686;-0.005;-169.159
1509974786.332;-10.840;-0.005;-169.159
1509974786.341;68.792;0.109;-167.683
1509974786.362;72.828;-1.282;-162.847
1509974786.368;28.205;-1.282;-162.847
1509974786.382;36.101;-2.147;-161.270
1509974786.401;-39.144;0.666;-167.895
1509974786.422;-4.661;1.598;-165.647
1509974786.441;38.321;0.706;-163.169
1509974786.442;1.060;0.706;-163.169
1509974786.461;-68.132;3.554;-173.714
1509974786.484;-50.664;0.873;-171.625
1509974786.502;-51.100;-1.012;-174.092
1509974786.522;-45.899;-3.011;-174.313
1509974786.524;-42.400;-3.011;-174.313
1509974786.541;-40.796;-5.463;-175.846
1509974786.559;-38.552;-5.463;-175.846
1509974786.561;-43.796;-4.955;-177.171
1509974786.581;-41.232;-5.190;-176.497
1509974786.602;-33.842;-5.822;-174.674
1509974786.623;-40.950;-4.730;-176.013
1509974786.637;-40.175;-4.730;-176.013
1509974786.643;-38.905;-4.328;-175.326
1509974786.662;-38.948;-3.369;-174.574
1509974786.682;-51.484;-0.907;-175.374
1509974786.703;-68.687;1.469;-177.436
1509974786.714;-57.512;1.469;-177.436
1509974786.722;-55.981;1.920;-176.243
1509974786.744;-55.563;1.345;-176.964
1509974786.765;-61.178;1.376;-179.057
1509974786.783;-58.223;1.448;-177.728
1509974786.79;-64.752;1.448;-177.728
1509974786.803;-65.582;0.722;-179.685
1509974786.824;-53.313;-2.253;-179.445
1509974786.832;-45.534;-2.253;-179.445
1509974786.842;-42.372;-4.195;179.570
1509974786.862;-25.498;-5.274;-176.994
1509974786.883;-13.772;-6.039;-174.830
1509974786.902;-25.052;-4.840;-176.698
1509974786.905;-9.035;-4.840;-176.698
1509974786.924;-30.946;-3.568;179.153
1509974786.944;-6.137;-5.380;-176.183
1509974786.963;15.110;-7.422;-171.240
1509974786.983;-13.294;-5.795;-177.780
1509974786.985;8.022;-5.795;-177.780
1509974787.006;3.905;-6.277;-178.777
1509974787.023;18.549;-9.565;-173.803
1509974787.044;10.321;-10.654;-176.342
1509974787.06;28.003;-10.654;-176.342
1509974787.062;16.473;-10.543;178.732
1509974787.083;22.279;-11.971;-178.366
1509974787.098;40.995;-11.971;-178.366
1509974787.103;37.838;-14.200;-178.534
1509974787.126;37.048;-13.053;-179.759
1509974787.145;34.220;-10.958;177.456
1509974787.163;39.557;-12.627;-178.680
1509974787.178;55.630;-12.627;-178.680
1509974787.184;59.403;-12.147;-175.588
1509974787.205;58.109;-10.989;-178.448
1509974787.224;59.000;-9.675;-179.411
1509974787.246;61.704;-8.833;-177.967
1509974787.25;65.507;-8.833;-177.967
1509974787.265;69.079;-5.958;-178.514
1509974787.284;73.177;-2.858;-179.504
1509974787.304;72.672;-2.567;178.714
1509974787.325;71.805;-2.211;176.260
1509974787.327;72.243;-2.211;176.260
1509974787.345;71.623;-3.072;177.619
1509974787.364;71.399;-5.528;-176.459
1509974787.366;70.214;-5.528;-176.459
1509974787.384;70.912;-5.617;-174.683
1509974787.404;70.083;-6.599;-174.457
1509974787.425;70.224;-4.867;-177.919
1509974787.443;69.723;-3.120;176.944
1509974787.445;68.205;-3.120;176.944
1509974787.465;70.018;-4.701;-175.482
1509974787.485;70.459;-5.099;-173.477
1509974787.505;68.755;-4.481;-178.928
1509974787.52;66.110;-4.481;-178.928
1509974787.525;65.630;-4.255;179.640
1509974787.545;66.501;-3.394;179.802
1509974787.565;67.109;-3.896;-177.827
1509974787.586;66.899;-5.637;-175.008
1509974787.6;65.768;-5.637;-175.008
1509974787.608;64.679;-4.657;-179.030
1509974787.625;65.339;-2.172;177.556
1509974787.635;65.786;-2.172;177.556
1509974787.645;66.401;-3.272;-178.931
1509974787.665;66.006;-4.195;-177.983
1509974787.685;64.767;-5.346;-178.461
1509974787.705;65.070;-4.947;-178.554
1509974787.712;65.901;-4.947;-178.554
1509974787.725;66.640;-4.136;-178.548
1509974787.746;66.889;-4.033;-178.213
1509974787.766;66.159;-4.885;-178.133
1509974787.787;65.827;-4.762;-179.048
1509974787.792;65.418;-4.762;-179.048
1509974787.807;66.055;-4.044;-179.068
1509974787.83;66.367;-4.201;-178.097
1509974787.847;65.700;-4.860;-178.285
1509974787.866;65.758;-4.546;-178.745
1509974787.867;65.460;-4.546;-178.745
1509974787.887;65.713;-4.342;-178.610
1509974787.911;65.705;-4.414;-178.491
1509974787.912;65.596;-4.414;-178.491
1509974787.929;65.398;-4.456;-178.828
1509974787.947;65.549;-4.483;-178.463
1509974787.967;65.689;-4.397;-178.325
1509974787.982;65.206;-4.397;-178.325
1509974787.986;65.028;-4.147;-179.150
1509974788.006;64.839;-4.494;-178.903
1509974788.026;65.111;-4.687;-177.999
1509974788.048;65.287;-4.290;-178.352
1509974788.06;66.394;-4.290;-178.352
1509974788.068;66.062;-4.315;-179.002
1509974788.09;65.870;-4.653;-178.761
1509974788.107;66.327;-4.324;-178.431
1509974788.126;66.284;-4.306;-178.554
1509974788.134;64.004;-4.306;-178.554
1509974788.148;63.702;-4.693;-178.492
1509974788.168;63.855;-4.465;-178.578
1509974788.174;67.436;-4.465;-178.578
1509974788.189;67.636;-4.163;-178.729
1509974788.21;67.464;-4.480;-178.482
1509974788.227;67.429;-4.556;-178.411
1509974788.247;67.434;-4.392;-178.729
1509974788.25;66.633;-4.392;-178.729
1509974788.267;66.691;-4.342;-178.701
1509974788.288;66.690;-4.413;-178.563
1509974788.309;66.745;-4.372;-178.523
1509974788.328;66.693;-4.452;-178.482
1509974788.329;66.471;-4.452;-178.482
1509974788.347;66.541;-4.437;-178.360
1509974788.367;66.486;-4.280;-178.784
1509974788.386;66.361;-4.410;-178.795
1509974788.406;66.790;-4.410;-178.795
1509974788.408;66.865;-4.550;-178.359
1509974788.429;67.038;-4.327;-178.402
1509974788.444;65.637;-4.327;-178.402
1509974788.489;65.409;-4.374;-178.794
1509974788.49;65.307;-4.610;-178.575
1509974788.491;65.587;-4.310;-178.539
1509974788.507;65.535;-4.376;-178.526
1509974788.519;66.519;-4.376;-178.526
1509974788.526;66.393;-4.498;-178.562
1509974788.547;66.431;-4.370;-178.727
1509974788.567;66.525;-4.271;-178.715
1509974788.587;66.476;-4.434;-178.507
1509974788.596;66.313;-4.434;-178.507
1509974788.608;66.330;-4.437;-178.465
1509974788.628;66.382;-4.304;-178.605
1509974788.648;66.278;-4.402;-178.644
1509974788.668;66.345;-4.382;-178.538
1509974788.673;65.487;-4.382;-178.538
1509974788.688;65.464;-4.422;-178.511
1509974788.709;65.387;-4.467;-178.591
1509974788.714;65.238;-4.467;-178.591
1509974788.729;65.267;-4.424;-178.605
1509974788.749;65.251;-4.378;-178.725
1509974788.769;65.251;-4.408;-178.670
1509974788.788;65.292;-4.472;-178.467
1509974788.789;66.275;-4.472;-178.467
1509974788.808;66.361;-4.368;-178.483
1509974788.828;66.304;-4.338;-178.661
1509974788.848;66.240;-4.418;-178.643
1509974788.866;66.170;-4.418;-178.643
1509974788.867;66.228;-4.402;-178.549
1509974788.889;66.288;-4.361;-178.495
1509974788.91;66.091;-4.509;-178.645
1509974788.929;66.189;-4.404;-178.630
1509974788.942;66.392;-4.404;-178.630
1509974788.952;66.440;-4.337;-178.648
1509974788.969;66.360;-4.478;-178.564
1509974788.984;66.494;-4.478;-178.564
1509974788.988;66.627;-4.395;-178.429
1509974789.009;66.619;-4.327;-178.579
1509974789.03;66.529;-4.403;-178.630
1509974789.052;66.512;-4.473;-178.534
1509974789.059;65.826;-4.473;-178.534
1509974789.07;65.884;-4.385;-178.577
1509974789.09;65.865;-4.400;-178.591
1509974789.11;65.804;-4.468;-178.590
1509974789.129;65.897;-4.385;-178.550
1509974789.135;66.270;-4.385;-178.550
1509974789.15;66.256;-4.416;-178.522
1509974789.171;66.252;-4.400;-178.563
1509974789.19;66.225;-4.403;-178.617
1509974789.212;66.098;-4.522;-178.672
1509974789.213;67.415;-4.522;-178.672
1509974789.231;67.430;-4.519;-178.646
1509974789.249;67.554;-4.398;-178.605
1509974789.251;65.844;-4.398;-178.605
1509974789.27;65.922;-4.383;-178.469
1509974789.291;65.808;-4.482;-178.522
1509974789.31;65.811;-4.462;-178.552
1509974789.328;66.065;-4.462;-178.552
1509974789.329;66.056;-4.472;-178.553
1509974789.35;66.180;-4.338;-178.539
1509974789.371;66.115;-4.364;-178.630
1509974789.39;66.089;-4.385;-178.645
1509974789.404;65.532;-4.385;-178.645
1509974789.41;65.565;-4.385;-178.577
1509974789.43;65.535;-4.432;-178.553
1509974789.45;65.539;-4.466;-178.482
1509974789.471;65.439;-4.495;-178.631
1509974789.482;65.012;-4.495;-178.631
1509974789.49;65.122;-4.386;-178.604
1509974789.516;65.068;-4.425;-178.646
1509974789.52;64.438;-4.425;-178.646
1509974789.53;64.432;-4.438;-178.632
1509974789.55;64.446;-4.438;-178.605
1509974789.57;64.493;-4.411;-178.564
1509974789.591;64.511;-4.415;-178.522
1509974789.599;66.688;-4.415;-178.522
1509974789.615;66.652;-4.385;-178.659
1509974789.63;66.698;-4.354;-178.619
1509974789.65;66.708;-4.385;-178.537
1509974789.671;66.635;-4.439;-178.591
1509974789.675;67.505;-4.439;-178.591
1509974789.691;67.507;-4.422;-178.619
1509974789.712;67.542;-4.411;-178.564
1509974789.731;67.553;-4.386;-178.591
1509974789.751;67.551;-4.408;-178.552
1509974789.752;63.529;-4.408;-178.552
1509974789.772;63.465;-4.438;-178.618
1509974789.789;67.138;-4.438;-178.618
1509974789.79;67.220;-4.374;-178.563
1509974789.811;67.212;-4.395;-178.538
1509974789.835;67.205;-4.383;-178.578
1509974789.851;67.145;-4.437;-178.605
1509974789.866;66.151;-4.437;-178.605
1509974789.871;66.219;-4.349;-178.630
1509974789.891;66.218;-4.370;-178.591
1509974789.912;66.172;-4.415;-178.604
1509974789.934;66.171;-4.416;-178.603
1509974789.949;66.376;-4.416;-178.603
1509974789.953;66.372;-4.442;-178.563
1509974789.973;66.380;-4.439;-178.550
1509974789.992;66.407;-4.393;-178.579
1509974790.011;66.362;-4.452;-178.564
1509974790.019;66.832;-4.452;-178.564
1509974790.031;66.831;-4.411;-178.646
1509974790.052;66.880;-4.412;-178.537
1509974790.06;67.201;-4.412;-178.537
1509974790.071;67.206;-4.359;-178.631
1509974790.093;67.184;-4.391;-178.616
1509974790.112;67.176;-4.413;-178.591
1509974790.133;67.152;-4.426;-178.618
1509974790.135;66.044;-4.426;-178.618
1509974790.153;66.039;-4.438;-178.605
1509974790.172;66.064;-4.396;-178.633
1509974790.192;66.162;-4.308;-178.590
1509974790.213;65.994;-4.466;-178.645
1509974790.214;67.116;-4.466;-178.645
1509974790.232;67.205;-4.396;-178.578
1509974790.252;67.234;-4.370;-178.564
1509974790.273;67.224;-4.381;-178.565
1509974790.288;69.036;-4.381;-178.565
1509974790.294;69.099;-4.331;-178.509
1509974790.314;69.064;-4.333;-178.595
1509974790.328;65.232;-4.333;-178.595
1509974790.332;65.152;-4.397;-178.646
1509974790.352;65.150;-4.414;-178.618
1509974790.374;65.228;-4.348;-178.576
1509974790.393;65.242;-4.332;-178.577
1509974790.403;66.154;-4.332;-178.577
1509974790.414;65.984;-4.503;-178.615
1509974790.432;66.083;-4.425;-178.550
1509974790.452;66.158;-4.327;-178.579
1509974790.473;66.026;-4.439;-178.645
1509974790.48;67.343;-4.439;-178.645
1509974790.494;67.321;-4.463;-178.646
1509974790.514;67.356;-4.430;-178.635
1509974790.535;67.370;-4.443;-178.576
1509974790.553;67.353;-4.483;-178.536
1509974790.56;67.093;-4.483;-178.536
1509974790.575;67.117;-4.434;-178.579
1509974790.594;67.198;-4.345;-178.577
1509974790.596;66.448;-4.345;-178.577
1509974790.613;66.433;-4.392;-178.521
1509974790.633;66.359;-4.394;-178.674
1509974790.655;66.391;-4.365;-178.661
1509974790.674;66.455;-4.393;-178.471
1509974790.675;67.722;-4.393;-178.471
1509974790.695;67.698;-4.367;-178.579
1509974790.715;67.673;-4.424;-178.523
1509974790.735;67.631;-4.427;-178.618
1509974790.751;65.123;-4.427;-178.618
1509974790.755;65.127;-4.406;-178.647
1509974790.774;65.181;-4.383;-178.578
1509974790.791;65.920;-4.383;-178.578
1509974790.794;65.890;-4.395;-178.619
1509974790.815;65.885;-4.433;-178.561
1509974790.835;65.889;-4.418;-178.580
1509974790.855;65.941;-4.346;-178.604
1509974790.865;66.831;-4.346;-178.604
1509974790.875;66.802;-4.398;-178.564
1509974790.894;66.767;-4.452;-178.537
1509974790.915;66.810;-4.382;-178.578
1509974790.935;66.841;-4.354;-178.565
1509974790.942;65.980;-4.354;-178.565
1509974790.956;65.865;-4.483;-178.576
1509974790.977;65.858;-4.468;-178.618
1509974791.001;65.870;-4.445;-178.634
1509974791.015;65.954;-4.394;-178.547
1509974791.023;67.057;-4.394;-178.547
1509974791.034;67.037;-4.402;-178.576
1509974791.055;67.016;-4.382;-178.660
1509974791.057;66.060;-4.382;-178.660
1509974791.075;66.034;-4.442;-178.604
1509974791.095;65.953;-4.536;-178.604
1509974791.117;66.048;-4.440;-178.577
1509974791.136;66.056;-4.373;-178.686
1509974791.139;65.724;-4.373;-178.686
1509974791.156;65.710;-4.448;-178.574
1509974791.175;65.722;-4.447;-178.552
1509974791.195;65.742;-4.381;-178.633
1509974791.212;66.281;-4.381;-178.633
1509974791.214;66.318;-4.412;-178.496
1509974791.235;66.222;-4.440;-178.645
1509974791.257;66.196;-4.455;-178.672
1509974791.278;66.262;-4.388;-178.658
1509974791.29;66.909;-4.388;-178.658
1509974791.298;66.949;-4.391;-178.562
1509974791.321;66.952;-4.393;-178.552
1509974791.329;66.071;-4.393;-178.552
1509974791.335;66.041;-4.401;-178.604
1509974791.356;65.988;-4.484;-178.562
1509974791.375;66.077;-4.379;-178.566
1509974791.396;65.983;-4.453;-178.632
1509974791.403;68.423;-4.453;-178.632
1509974791.417;68.466;-4.410;-178.615
1509974791.435;68.479;-4.400;-178.604
1509974791.456;68.492;-4.416;-178.540
1509974791.475;68.515;-4.357;-178.605
1509974791.479;67.202;-4.357;-178.605
1509974791.496;67.168;-4.412;-178.577
1509974791.515;67.134;-4.383;-178.714
1509974791.537;67.159;-4.385;-178.649
1509974791.572;67.138;-4.456;-178.563
1509974791.573;68.950;-4.456;-178.563
1509974791.577;68.896;-4.487;-178.630
1509974791.596;68.960;-4.411;-178.632
1509974791.596;65.920;-4.411;-178.632
1509974791.615;65.946;-4.415;-178.567
1509974791.635;65.950;-4.427;-178.536
1509974791.655;65.958;-4.365;-178.634
1509974791.672;67.002;-4.365;-178.634
1509974791.675;66.963;-4.411;-178.632
1509974791.696;66.932;-4.504;-178.520
1509974791.716;66.912;-4.468;-178.631
1509974791.736;66.951;-4.425;-178.632
1509974791.749;66.022;-4.425;-178.632
1509974791.755;66.106;-4.342;-178.605
1509974791.776;66.030;-4.471;-178.526
1509974791.796;66.020;-4.412;-178.659
1509974791.816;66.078;-4.361;-178.631
1509974791.826;68.892;-4.361;-178.631
1509974791.837;68.865;-4.419;-178.579
1509974791.858;68.960;-4.322;-178.535
1509974791.868;64.994;-4.322;-178.535
1509974791.877;64.906;-4.373;-178.631
1509974791.9;64.889;-4.421;-178.579
1509974791.918;64.902;-4.437;-178.524
1509974791.938;64.903;-4.389;-178.608
1509974791.942;68.327;-4.389;-178.608
1509974791.957;68.282;-4.410;-178.673
1509974791.978;68.339;-4.410;-178.537
1509974791.997;68.371;-4.372;-178.536
1509974792.017;68.305;-4.409;-178.619
1509974792.021;65.758;-4.409;-178.619
1509974792.041;65.813;-4.377;-178.562
1509974792.058;65.745;-4.432;-178.603
1509974792.079;65.779;-4.436;-178.524
1509974792.099;66.774;-4.436;-178.524
1509974792.101;66.737;-4.464;-178.551
1509974792.119;66.723;-4.438;-178.632
1509974792.135;66.231;-4.438;-178.632
1509974792.137;66.300;-4.384;-178.578
1509974792.157;66.276;-4.413;-178.577
1509974792.178;66.277;-4.406;-178.589
1509974792.198;66.241;-4.418;-178.648
1509974792.211;66.846;-4.418;-178.648
1509974792.22;66.855;-4.437;-178.592
1509974792.238;66.834;-4.468;-178.577
1509974792.259;66.949;-4.331;-178.591
1509974792.282;66.845;-4.434;-178.620
1509974792.288;64.857;-4.434;-178.620
1509974792.299;64.807;-4.483;-178.635
1509974792.32;64.873;-4.423;-178.605
1509974792.341;64.911;-4.379;-178.607
1509974792.361;64.935;-4.367;-178.579
1509974792.367;65.393;-4.367;-178.579
1509974792.383;65.350;-4.400;-178.604
1509974792.399;65.347;-4.410;-178.592
1509974792.405;67.407;-4.410;-178.592
1509974792.421;67.441;-4.399;-178.536
1509974792.439;67.414;-4.402;-178.594
1509974792.459;67.355;-4.462;-178.606
1509974792.48;67.451;-4.349;-178.617
1509974792.481;66.415;-4.349;-178.617
1509974792.502;66.456;-4.330;-178.564
1509974792.52;66.384;-4.395;-178.592
1509974792.54;66.383;-4.396;-178.592
1509974792.557;66.552;-4.396;-178.592
1509974792.562;66.572;-4.365;-178.607
1509974792.579;66.579;-4.365;-178.593
1509974792.599;66.522;-4.403;-178.644
1509974792.619;66.518;-4.429;-178.604
1509974792.633;65.325;-4.429;-178.604
1509974792.639;65.375;-4.366;-178.606
1509974792.66;65.325;-4.405;-178.648
1509974792.672;67.606;-4.405;-178.648
1509974792.679;67.540;-4.489;-178.633
1509974792.699;67.546;-4.489;-178.619
1509974792.719;67.584;-4.453;-178.605
1509974792.74;67.620;-4.410;-178.605
1509974792.749;66.470;-4.410;-178.605
1509974792.762;66.566;-4.337;-178.539
1509974792.78;66.482;-4.403;-178.594
1509974792.799;66.422;-4.442;-178.644
1509974792.821;66.502;-4.433;-178.493
1509974792.828;66.910;-4.433;-178.493
1509974792.84;66.884;-4.417;-178.580
1509974792.86;66.906;-4.365;-178.634
1509974792.881;66.917;-4.366;-178.606
1509974792.902;66.801;-4.484;-178.630
1509974792.904;66.675;-4.484;-178.630
1509974792.923;66.759;-4.425;-178.564
1509974792.942;66.837;-4.366;-178.511
1509974792.944;66.840;-4.366;-178.511
1509974792.962;66.888;-4.270;-178.593
1509974792.981;66.738;-4.424;-178.623
1509974793.001;66.619;-4.571;-178.601
1509974793.019;64.569;-4.571;-178.601
1509974793.021;64.052;-5.297;-178.453
1509974793.041;62.949;-6.454;-178.822
1509974793.061;62.061;-7.340;-179.188
1509974793.082;62.336;-6.772;-179.512
1509974793.097;65.172;-6.772;-179.512
1509974793.102;65.783;-6.043;-179.363
1509974793.124;58.569;-15.928;179.755
1509974793.143;56.061;-21.110;-179.600
1509974793.162;67.677;-4.143;-178.233
1509974793.173;72.378;-4.143;-178.233
1509974793.184;73.127;-3.958;-175.285
1509974793.202;70.386;-7.701;-178.852
1509974793.211;69.163;-7.701;-178.852
1509974793.221;69.571;-6.829;-178.893
1509974793.244;72.191;-2.326;-177.251
1509974793.262;72.912;-1.062;-176.725
1509974793.285;72.358;-2.132;-176.889
1509974793.289;71.771;-2.132;-176.889
1509974793.304;70.189;-3.961;-179.335
1509974793.323;69.307;-4.927;179.498
1509974793.344;68.514;-8.111;-177.672
1509974793.363;71.428;-2.726;-177.030
1509974793.364;71.302;-2.726;-177.030
1509974793.383;68.722;-8.120;-176.635
1509974793.403;68.464;-8.305;-177.156
1509974793.423;69.193;-5.554;-179.290
1509974793.442;68.846;-6.602;-178.605
1509974793.443;68.553;-6.602;-178.605
1509974793.463;70.920;-1.743;-179.502
1509974793.48;69.761;-1.743;-179.502
1509974793.481;67.716;-5.796;-179.033
1509974793.503;67.971;-4.985;-179.582
1509974793.523;67.917;-5.608;-178.689
1509974793.544;69.265;-4.335;-176.079
1509974793.561;69.900;-4.335;-176.079
1509974793.563;69.011;-6.058;-176.315
1509974793.585;69.582;-3.100;-179.820
1509974793.606;69.009;-3.925;179.801
1509974793.626;69.163;-4.044;-179.418
1509974793.635;68.437;-4.044;-179.418
1509974793.644;66.889;-7.595;-178.713
1509974793.663;67.028;-6.294;179.762
1509974793.684;68.239;-4.197;-179.843
1509974793.706;68.237;-5.985;-176.759
1509974793.711;68.751;-5.985;-176.759
1509974793.725;69.982;-2.952;-177.795
1509974793.744;69.675;-3.884;-177.115
1509974793.749;70.609;-3.884;-177.115
1509974793.764;70.207;-5.335;-176.002
1509974793.783;69.318;-6.693;-177.011
1509974793.808;68.017;-7.567;-179.866
1509974793.823;69.316;-4.138;178.433
1509974793.825;70.097;-4.138;178.433
1509974793.845;71.270;-3.174;-179.208
1509974793.865;71.545;-3.545;-177.212
1509974793.887;71.133;-4.287;-177.365
1509974793.906;70.515;-4.684;-178.956
1509974793.907;69.444;-4.684;-178.956
1509974793.924;69.445;-4.801;-178.735
1509974793.944;68.902;-5.429;-179.520
1509974793.965;68.882;-5.519;-179.429
1509974793.981;68.861;-5.519;-179.429
1509974793.985;69.522;-5.950;-176.381
1509974794.004;69.914;-5.060;-176.470
1509974794.02;68.609;-5.060;-176.470
1509974794.024;67.705;-3.879;178.123
1509974794.045;67.470;-3.976;177.507
1509974794.065;67.804;-4.849;-179.784
1509974794.085;67.884;-5.790;-177.937
1509974794.095;68.930;-5.790;-177.937
1509974794.105;68.146;-7.335;-178.188
1509974794.125;67.861;-8.769;-177.096
1509974794.145;69.934;-3.654;-177.969
1509974794.166;69.559;-4.826;-177.249
1509974794.172;68.574;-4.826;-177.249
1509974794.188;68.273;-5.093;-177.917
1509974794.207;68.027;-4.739;-179.418
1509974794.225;69.056;-3.852;-177.096
1509974794.246;68.774;-4.283;-177.437
1509974794.25;69.489;-4.283;-177.437
1509974794.267;68.327;-5.203;179.942
1509974794.287;67.980;-5.186;178.749
1509974794.288;67.900;-5.186;178.749
1509974794.307;69.505;-3.438;-178.716
1509974794.328;69.708;-4.638;-175.586
1509974794.346;69.581;-4.527;-176.312
1509974794.368;68.691;-4.789;-179.241
1509974794.369;68.231;-4.789;-179.241
1509974794.39;67.842;-4.948;179.692
1509974794.406;68.374;-4.622;-179.028
1509974794.426;68.066;-6.594;-176.860
1509974794.442;68.833;-6.594;-176.860
1509974794.445;68.893;-6.054;-177.528
1509974794.466;71.273;-0.084;179.090
1509974794.486;66.989;-9.781;-178.024
1509974794.506;68.837;-5.738;-178.252
1509974794.519;69.804;-5.738;-178.252
1509974794.525;68.945;-5.373;178.118
1509974794.547;70.131;-2.957;177.494
1509974794.557;68.690;-2.957;177.494
1509974794.57;66.506;-9.858;-178.227
1509974794.587;68.528;-5.860;-177.659
1509974794.607;71.425;-0.190;-177.240
1509974794.627;69.295;-5.658;-175.188
1509974794.676;68.176;-5.658;-175.188
1509974794.677;68.157;-4.143;-177.773
1509974794.679;67.534;-4.945;-178.766
1509974794.687;68.507;-3.980;-176.630
1509974794.706;66.808;-7.146;-177.929
1509974794.71;67.143;-7.146;-177.929
1509974794.725;67.283;-4.438;178.277
1509974794.747;65.952;-6.488;177.379
1509974794.767;68.869;-1.719;178.916
1509974794.788;68.540;-5.211;-175.737
1509974794.789;69.714;-5.211;-175.737
1509974794.807;68.987;-6.454;-176.730
1509974794.827;67.965;-6.828;-179.839
1509974794.829;67.201;-6.828;-179.839
1509974794.848;66.532;-9.855;-178.177
1509974794.866;67.050;-8.649;-177.945
1509974794.886;67.835;-7.264;-177.004
1509974794.903;67.771;-7.264;-177.004
1509974794.907;67.902;-7.852;-175.797
1509974794.928;68.164;-4.575;-178.967
1509974794.95;67.717;-5.710;-179.248
1509974794.967;68.136;-4.753;-178.818
1509974794.983;68.564;-4.753;-178.818
1509974794.987;67.977;-6.508;-178.827
1509974795.008;68.507;-6.008;-177.240
1509974795.029;68.619;-5.313;-177.709
1509974795.049;68.255;-4.737;179.764
1509974795.057;67.868;-4.737;179.764
1509974795.067;67.699;-6.503;-178.462
1509974795.087;68.579;-4.809;-176.761
1509974795.094;68.792;-4.809;-176.761
1509974795.108;68.325;-4.593;-179.342
1509974795.129;68.048;-6.150;-178.299
1509974795.149;68.540;-4.876;-177.890
1509974795.168;68.381;-4.787;-178.778
1509974795.172;68.010;-4.787;-178.778
1509974795.188;67.453;-8.081;-176.896
1509974795.209;68.299;-4.823;-177.355
1509974795.23;68.448;-1.895;178.173
1509974795.249;67.100;-7.495;-178.934
1509974795.25;68.340;-7.495;-178.934
1509974795.27;69.105;-4.212;179.650
1509974795.288;68.746;-4.323;178.182
1509974795.289;69.511;-4.323;178.182
1509974795.31;69.550;-8.159;-176.181
1509974795.328;71.042;-2.692;-176.742
1509974795.349;69.497;-5.233;179.650
1509974795.364;68.423;-5.233;179.650
1509974795.368;68.256;-6.121;-179.730
1509974795.388;69.604;-4.350;-176.143
1509974795.41;69.056;-6.827;-175.355
1509974795.431;67.830;-8.525;-178.333
1509974795.442;68.936;-8.525;-178.333
1509974795.45;70.119;-2.628;177.649
1509974795.472;69.707;-5.451;-179.222
1509974795.489;69.655;-8.104;-175.946
1509974795.509;70.774;-2.176;-179.715
1509974795.518;71.851;-2.176;-179.715
1509974795.531;70.544;-6.095;-179.214
1509974795.549;70.799;-5.999;-178.203
1509974795.556;71.042;-5.999;-178.203
1509974795.569;71.826;-2.861;-179.788
1509974795.591;70.646;-7.208;-178.244
1509974795.609;72.225;-2.277;-178.640
1509974795.629;70.926;-6.374;-178.180
1509974795.633;71.069;-6.374;-178.180
1509974795.649;70.649;-7.531;-178.425
1509974795.669;71.072;-4.823;179.356
1509974795.69;70.964;-7.008;-177.766
1509974795.709;70.641;-8.248;-177.560
1509974795.711;70.828;-8.248;-177.560
1509974795.729;70.831;-6.710;-179.541
1509974795.75;71.261;-4.387;178.691
1509974795.77;71.218;-6.049;-178.751
1509974795.789;70.966;-6.049;-178.751
1509974795.791;71.238;-6.361;-177.050
1509974795.811;71.612;-3.615;-179.898
1509974795.828;73.143;-3.615;-179.898
1509974795.83;72.708;-6.157;-177.555
1509974795.85;72.811;-6.390;-176.699
1509974795.872;72.558;-5.110;179.956
1509974795.891;71.704;-7.261;179.650
1509974795.904;71.790;-7.261;179.650
1509974795.914;72.090;-6.724;-179.908
1509974795.931;73.150;-4.332;-178.947
1509974795.949;72.530;-7.583;-176.752
1509974795.971;72.706;-6.112;-178.080
1509974795.98;72.873;-6.112;-178.080
1509974795.99;72.757;-4.342;178.159
1509974796.011;73.122;-4.719;-179.252
1509974796.03;72.251;-7.279;-179.109
1509974796.05;72.615;-6.942;-178.010
1509974796.056;73.073;-6.942;-178.010
1509974796.071;73.409;-6.816;-176.601
1509974796.09;73.502;-5.299;-178.539
1509974796.094;73.361;-5.299;-178.539
1509974796.113;72.744;-6.126;179.872
1509974796.132;73.052;-6.968;-177.405
1509974796.151;74.031;-4.378;-176.456
1509974796.172;73.029;-7.522;-176.738
1509974796.174;74.223;-7.522;-176.738
1509974796.192;73.999;-6.695;-179.033
1509974796.216;74.169;-5.532;179.736
1509974796.232;74.330;-4.786;179.076
1509974796.249;74.054;-4.786;179.076
1509974796.251;74.733;-3.734;-179.362
1509974796.272;74.398;-6.484;-176.168
1509974796.294;74.248;-4.724;179.969
1509974796.313;73.145;-7.628;179.791
1509974796.328;74.338;-7.628;179.791
1509974796.331;74.906;-6.698;-179.089
1509974796.352;74.929;-8.593;-176.266
1509974796.364;74.902;-8.593;-176.266
1509974796.371;75.374;-6.240;-177.247
1509974796.392;76.051;-3.102;-179.373
1509974796.415;75.215;-5.541;-179.303
1509974796.433;74.282;-8.976;-178.465
1509974796.442;74.130;-8.976;-178.465
1509974796.453;75.983;-2.722;-179.712
1509974796.472;74.677;-7.715;-177.744
1509974796.491;74.803;-6.957;-178.254
1509974796.513;75.271;-3.933;178.607
1509974796.518;76.324;-3.933;178.607
1509974796.533;77.385;-2.350;-178.153
1509974796.553;76.775;-5.020;-176.252
1509974796.574;76.520;-4.898;-178.060
1509974796.593;76.021;-5.091;179.475
1509974796.594;76.647;-5.091;179.475
1509974796.614;76.037;-8.344;-177.721
1509974796.636;76.290;-7.500;-177.855
1509974796.638;76.114;-7.500;-177.855
1509974796.656;75.419;-6.909;177.948
1509974796.674;76.512;-5.150;179.983
1509974796.692;76.706;-5.902;-177.467
1509974796.71;77.516;-5.902;-177.467
1509974796.712;77.422;-6.750;-176.496
1509974796.733;77.133;-5.932;-179.532
1509974796.753;76.265;-7.758;179.531
1509974796.773;76.824;-7.159;-178.874
1509974796.79;76.496;-7.159;-178.874
1509974796.792;77.372;-6.051;-176.272
1509974796.813;77.486;-5.786;-176.099
1509974796.833;76.330;-7.489;-179.094
1509974796.856;75.924;-7.210;178.594
1509974796.866;75.950;-7.210;178.594
1509974796.874;76.653;-6.002;179.640
1509974796.896;77.637;-4.914;-177.047
1509974796.907;78.945;-4.914;-177.047
1509974796.914;78.082;-8.215;-176.123
1509974796.936;77.459;-8.566;-178.518
1509974796.955;79.023;-3.638;-179.649
1509974796.974;78.665;-6.477;-175.759
1509974796.979;78.617;-6.477;-175.759
1509974796.996;78.048;-7.207;-177.649
1509974797.015;78.241;-4.702;178.341
1509974797.035;78.115;-5.941;-179.621
1509974797.057;78.722;-5.379;-177.164
1509974797.058;78.463;-5.379;-177.164
1509974797.076;78.582;-4.660;-177.917
1509974797.095;78.320;-4.139;179.093
1509974797.114;76.964;-8.540;-179.484
1509974797.134;77.921;-7.626;-176.337
1509974797.135;78.869;-7.626;-176.337
1509974797.153;79.091;-6.167;-177.636
1509974797.173;78.560;-6.167;-177.636
1509974797.175;78.934;-5.511;-176.743
1509974797.194;78.757;-6.121;-176.597
1509974797.214;78.643;-5.056;-179.528
1509974797.239;78.074;-6.204;179.789
1509974797.249;79.513;-6.204;179.789
1509974797.256;79.695;-6.467;-178.636
1509974797.276;79.708;-6.124;-179.273
1509974797.295;80.227;-4.563;-179.684
1509974797.314;80.465;-4.307;-178.671
1509974797.325;80.513;-4.307;-178.671
1509974797.336;80.237;-5.859;-176.886
1509974797.355;80.718;-4.164;-177.512
1509974797.377;79.958;-5.581;-179.230
1509974797.397;79.516;-7.624;-177.658
1509974797.405;79.584;-7.624;-177.658
1509974797.415;79.886;-6.287;-178.390
1509974797.438;79.824;-6.323;-178.684
1509974797.44;79.843;-6.323;-178.684
1509974797.456;79.729;-6.824;-178.365
1509974797.482;80.133;-6.164;-177.261
1509974797.495;80.738;-3.842;-178.437
1509974797.515;79.549;-8.120;-177.102
1509974797.517;80.604;-8.120;-177.102
1509974797.536;80.185;-8.158;-179.168
1509974797.555;80.997;-6.795;-177.228
1509974797.575;81.106;-5.639;-178.954
1509974797.596;81.426;-5.110;-178.017
1509974797.597;79.726;-5.110;-178.017
1509974797.615;79.189;-7.750;-176.486
1509974797.635;78.791;-8.498;-177.411
1509974797.658;79.345;-5.929;-178.757
1509974797.671;80.216;-5.929;-178.757
1509974797.675;80.562;-8.303;-172.947
1509974797.696;81.486;-4.471;-172.149
1509974797.711;82.251;-4.471;-172.149
1509974797.756;82.670;-0.837;-179.043
1509974797.756;81.619;-4.034;-178.841
1509974797.757;82.217;-2.504;-177.783
1509974797.775;82.278;-2.885;-175.799
1509974797.786;81.894;-2.885;-175.799
1509974797.795;82.025;-2.207;-176.621
1509974797.816;81.889;-2.082;-178.736
1509974797.836;80.156;-6.997;-179.102
1509974797.856;80.512;-6.199;-178.580
1509974797.863;81.536;-6.199;-178.580
1509974797.877;80.724;-9.081;-177.801
1509974797.897;81.128;-8.142;-177.268
1509974797.919;80.588;-7.869;179.469
1509974797.938;80.172;-8.987;179.473
1509974797.94;79.879;-8.987;179.473
1509974797.956;81.207;-6.238;-179.248
1509974797.978;82.055;-4.736;-177.265
1509974797.98;82.327;-4.736;-177.265
1509974797.997;80.927;-10.151;-175.411
1509974798.016;82.342;-4.013;-179.245
1509974798.037;82.894;-2.421;-179.950
1509974798.057;81.951;-5.881;-177.153
1509974798.059;81.524;-5.881;-177.153
1509974798.078;81.818;-3.997;-179.896
1509974798.097;81.651;-4.207;179.450
1509974798.117;81.065;-6.935;-177.819
1509974798.135;82.172;-6.935;-177.819
1509974798.138;81.807;-7.847;-178.099
1509974798.157;81.701;-7.428;-179.487
1509974798.177;81.954;-7.064;-178.824
1509974798.197;81.952;-8.142;-176.788
1509974798.209;81.902;-8.142;-176.788
1509974798.217;82.209;-6.821;-177.323
1509974798.237;82.693;-4.769;-178.576
1509974798.251;82.479;-4.769;-178.576
1509974798.257;82.531;-5.046;-177.476
1509974798.278;82.626;-4.031;-179.408
1509974798.297;82.124;-5.584;-179.206
1509974798.317;82.508;-5.089;-177.550
1509974798.325;82.475;-5.089;-177.550
1509974798.338;82.381;-5.698;-176.849
1509974798.358;81.177;-8.778;-178.286
1509974798.379;82.793;-3.335;-179.951
1509974798.399;82.420;-6.015;-175.909
1509974798.401;82.840;-6.015;-175.909
1509974798.418;82.724;-6.063;-176.647
1509974798.438;81.662;-7.454;179.461
1509974798.458;83.171;-3.463;-179.626
1509974798.479;82.485;-6.835;-176.795
1509974798.481;81.257;-6.835;-176.795
1509974798.499;81.146;-6.505;-178.095
1509974798.521;81.951;-3.464;-179.801
1509974798.522;81.196;-3.464;-179.801
1509974798.539;81.098;-5.941;-174.725
1509974798.558;80.900;-6.470;-175.139
1509974798.581;80.484;-5.306;179.792
1509974798.595;81.736;-5.306;179.792
1509974798.598;82.103;-4.305;-179.991
1509974798.618;81.339;-9.113;-175.945
1509974798.639;81.727;-6.436;-177.864
1509974798.658;81.285;-6.228;178.917
1509974798.672;81.369;-6.228;178.917
1509974798.68;80.998;-9.008;-178.420
1509974798.7;82.458;-2.955;178.694
1509974798.72;81.999;-5.977;-177.387
1509974798.74;81.511;-9.338;-175.403
1509974798.749;80.716;-9.338;-175.403
1509974798.759;81.504;-3.982;-178.785
1509974798.781;81.332;-4.852;-178.211
1509974798.786;81.832;-4.852;-178.211
1509974798.8;81.975;-4.532;-177.743
1509974798.819;82.000;-4.143;-178.454
1509974798.84;82.071;-3.828;-178.627
1509974798.86;81.730;-5.598;-177.462
1509974798.862;81.327;-5.598;-177.462
1509974798.88;81.519;-5.260;-176.637
1509974798.9;81.465;-4.929;-177.722
1509974798.921;81.276;-4.922;-179.219
1509974798.941;81.107;-5.877;-178.503
1509974798.942;79.943;-5.877;-178.503
1509974798.961;79.792;-6.128;-179.069
1509974798.981;79.457;-7.512;-178.896
1509974799.0;79.970;-5.287;-179.405
1509974799.018;80.167;-5.287;-179.405
1509974799.019;80.674;-3.924;-178.329
1509974799.041;80.203;-6.775;-176.638
1509974799.056;80.048;-6.775;-176.638
1509974799.062;80.652;-3.517;-177.928
1509974799.084;79.518;-8.738;-177.184
1509974799.102;79.764;-6.201;-179.355
1509974799.121;79.763;-4.950;178.179
1509974799.133;80.071;-4.950;178.179
1509974799.142;80.550;-4.441;-179.279
1509974799.16;80.253;-5.895;-178.699
1509974799.18;80.845;-3.105;-179.915
1509974799.201;81.020;-3.219;-177.793
1509974799.21;81.052;-3.219;-177.793
1509974799.22;80.781;-6.667;-174.143
1509974799.241;80.695;-6.890;-174.477
1509974799.248;80.947;-6.890;-174.477
1509974799.26;80.317;-6.877;-178.615
1509974799.281;79.168;-9.615;178.983
1509974799.301;80.067;-6.517;179.257
1509974799.321;80.640;-5.685;-178.342
1509974799.327;80.602;-5.685;-178.342
1509974799.346;81.205;-3.389;-177.786
1509974799.36;81.588;-1.511;-178.747
1509974799.381;81.333;-3.381;-176.428
1509974799.402;80.688;-5.280;-178.411
1509974799.403;80.032;-5.280;-178.411
1509974799.421;80.245;-3.762;-179.977
1509974799.441;80.174;-6.642;-175.288
1509974799.462;79.494;-7.423;-178.427
1509974799.48;79.394;-7.423;-178.427
1509974799.483;79.323;-5.780;178.383
1509974799.503;79.323;-7.621;-178.549
1509974799.518;80.501;-7.621;-178.549
1509974799.524;81.157;-5.718;-177.349
1509974799.541;80.612;-6.307;179.983
1509974799.561;80.848;-5.588;-179.810
1509974799.585;80.525;-7.587;-178.462
1509974799.594;79.360;-7.587;-178.462
1509974799.605;80.258;-3.452;179.996
1509974799.624;79.840;-5.172;-179.435
1509974799.642;80.887;-2.303;-176.520
1509974799.662;80.784;-2.976;-175.912
1509974799.674;81.370;-2.976;-175.912
1509974799.681;80.272;-8.128;-175.991
1509974799.703;80.018;-6.360;179.942
1509974799.724;79.247;-8.719;179.372
1509974799.742;79.894;-7.664;-178.727
1509974799.748;79.296;-7.664;-178.727
1509974799.763;80.312;-3.911;-177.881
1509974799.782;79.869;-5.771;-177.931
1509974799.789;79.943;-5.771;-177.931
1509974799.802;79.893;-6.486;-177.204
1509974799.823;79.792;-6.525;-177.812
1509974799.844;80.227;-5.111;-176.872
1509974799.864;79.947;-6.328;-177.063
1509974799.866;79.021;-6.328;-177.063
1509974799.884;79.090;-3.748;178.481
1509974799.903;78.951;-4.726;179.655
1509974799.923;79.533;-4.322;-176.583
1509974799.943;79.355;-4.322;-176.583
1509974799.946;79.619;-3.275;-176.162
1509974799.963;78.913;-6.692;-176.252
1509974799.984;78.598;-6.630;-178.320
1509974800.004;79.008;-4.709;-178.685
1509974800.017;78.450;-4.709;-178.685
1509974800.028;78.672;-11.276;-171.241
1509974800.044;78.348;-5.265;-178.481
1509974800.056;77.488;-5.265;-178.481
1509974800.067;76.704;-5.866;177.388
1509974800.087;77.617;-4.230;-179.250
1509974800.106;77.905;-4.367;-176.608
1509974800.123;78.186;-3.786;-174.927
1509974800.132;77.425;-3.786;-174.927
1509974800.143;77.165;-4.984;-175.409
1509974800.164;76.850;-4.736;-178.206
1509974800.184;77.288;-3.264;-177.193
1509974800.203;77.160;-5.355;-174.961
1509974800.209;76.527;-5.355;-174.961
1509974800.225;76.494;-6.078;-174.322
1509974800.243;76.028;-7.210;-176.010
1509974800.265;76.686;-3.561;-176.495
1509974800.284;76.025;-4.716;-179.520
1509974800.285;73.985;-4.716;-179.520
1509974800.304;74.594;-1.284;177.519
1509974800.325;74.251;-4.640;-177.882
1509974800.326;74.087;-4.640;-177.882
1509974800.345;75.099;-2.057;-174.178
1509974800.364;75.024;-2.444;-174.172
1509974800.386;74.593;-3.297;-176.499
1509974800.406;73.300;-3.297;-176.499
1509974800.409;72.290;-5.803;-178.946
1509974800.424;72.930;-4.150;-177.663
1509974800.444;72.315;-8.597;-175.600
1509974800.464;72.479;-5.913;-177.757
1509974800.479;72.768;-5.913;-177.757
1509974800.487;71.942;-7.083;179.705
1509974800.504;71.926;-6.534;178.865
1509974800.524;72.926;-5.647;-177.248
1509974800.545;72.748;-6.931;-176.542
1509974800.556;71.345;-6.931;-176.542
1509974800.564;72.206;-3.267;-176.502
1509974800.584;71.874;-5.800;-174.958
1509974800.595;72.523;-5.800;-174.958
1509974800.605;71.809;-4.979;179.733
1509974800.627;72.167;-3.395;179.030
1509974800.647;71.951;-6.905;-176.861
1509974800.666;71.492;-8.319;-177.542
1509974800.672;71.199;-8.319;-177.542
1509974800.688;71.951;-5.347;-176.983
1509974800.707;72.501;-4.843;-174.024
1509974800.724;72.335;-4.519;-175.636
1509974800.744;71.932;-4.242;-178.738
1509974800.749;71.173;-4.242;-178.738
1509974800.766;71.358;-4.079;-177.847
1509974800.786;71.195;-7.690;-174.381
1509974800.806;71.392;-6.399;-174.571
1509974800.85;71.542;-4.082;-176.630
1509974800.852;70.318;-4.082;-176.630
1509974800.853;70.374;-4.235;-176.043
1509974800.864;69.353;-4.235;-176.043
1509974800.865;69.120;-4.937;-176.443
1509974800.885;68.425;-5.357;-179.523
1509974800.906;69.132;-5.902;-175.169
1509974800.926;69.784;-4.832;-172.476
1509974800.941;68.501;-4.832;-172.476
1509974800.946;67.766;-6.006;-175.231
1509974800.972;67.587;-2.910;179.340
1509974800.986;67.289;-4.823;-179.120
1509974801.008;69.059;-0.752;-175.137
1509974801.02;69.255;-0.752;-175.137
1509974801.028;69.600;-0.529;-172.583
1509974801.047;69.084;-1.082;-175.718
1509974801.068;69.066;0.230;-179.091
1509974801.088;68.598;-1.970;-177.205
1509974801.093;67.915;-1.970;-177.205
1509974801.106;66.908;-4.984;-177.302
1509974801.126;66.350;-7.383;-176.604
1509974801.133;67.603;-7.383;-176.604
1509974801.146;67.685;-8.220;-175.323
1509974801.166;67.127;-8.555;-177.057
1509974801.187;67.767;-5.464;-178.496
1509974801.207;67.460;-5.458;-179.766
1509974801.209;66.009;-5.458;-179.766
1509974801.228;64.663;-8.633;179.831
1509974801.247;66.753;-3.745;-179.559
1509974801.266;66.947;-5.026;-176.701
1509974801.287;66.901;-4.742;-177.326
1509974801.289;68.154;-4.742;-177.326
1509974801.31;67.031;-7.153;-178.263
1509974801.327;68.451;-3.689;-177.774
1509974801.348;69.577;-1.716;-175.756
1509974801.364;68.624;-1.716;-175.756
1509974801.365;67.379;-6.051;-174.739
1509974801.387;66.636;-5.190;-178.994
1509974801.402;67.693;-5.190;-178.994
1509974801.407;68.433;-2.785;179.931
1509974801.428;67.604;-7.989;-175.520
1509974801.447;67.318;-7.459;-177.226
1509974801.467;67.751;-4.841;-179.317
1509974801.48;67.611;-4.841;-179.317
1509974801.486;67.984;-6.550;-175.286
1509974801.508;67.936;-7.249;-174.541
1509974801.529;67.629;-5.522;-178.159
1509974801.548;67.265;-6.399;-178.195
1509974801.555;66.414;-6.399;-178.195
1509974801.567;67.155;-5.102;-177.128
1509974801.587;67.273;-5.001;-176.783
1509974801.607;66.689;-6.859;-176.559
1509974801.629;66.687;-5.057;-179.088
1509974801.631;67.555;-5.057;-179.088
1509974801.648;69.075;-1.705;-178.042
1509974801.668;67.391;-8.214;-175.530
1509974801.673;67.413;-8.214;-175.530
1509974801.689;68.212;-2.778;179.683
1509974801.708;68.581;-3.137;-177.874
1509974801.727;68.486;-5.771;-174.100
1509974801.748;67.766;-3.990;179.940
1509974801.75;67.866;-3.990;179.940
1509974801.769;66.971;-6.245;-179.911
1509974801.788;66.516;-9.031;-177.898
1509974801.809;68.147;-4.876;-177.395
1509974801.824;69.058;-4.876;-177.395
1509974801.83;69.836;-4.045;-175.218
1509974801.848;69.064;-5.262;-176.738
1509974801.869;68.143;-5.635;-179.833
1509974801.889;67.529;-8.276;-178.288
1509974801.902;68.198;-8.276;-178.288
1509974801.91;69.219;-5.786;-178.215
1509974801.931;69.552;-6.446;-175.877
1509974801.94;68.939;-6.446;-175.877
1509974801.95;68.196;-7.433;-177.314
1509974801.971;68.378;-6.136;-178.509
1509974801.991;69.680;-3.267;-178.039
1509974802.012;69.850;-3.987;-175.863
1509974802.016;70.363;-3.987;-175.863
1509974802.029;70.565;-3.168;-176.475
1509974802.049;69.226;-5.005;-178.966
1509974802.068;69.116;-5.954;-177.824
1509974802.089;68.800;-7.974;-176.092
1509974802.094;68.483;-7.974;-176.092
1509974802.11;68.006;-7.649;-178.194
1509974802.129;68.699;-5.069;-179.606
1509974802.15;69.817;-5.771;-173.843
1509974802.169;69.960;-5.412;-173.748
1509974802.171;70.455;-5.412;-173.748
1509974802.19;68.625;-6.869;-179.108
1509974802.209;68.349;-6.586;179.485
1509974802.21;67.528;-6.586;179.485
1509974802.229;67.338;-7.983;-179.313
1509974802.251;68.523;-5.703;-177.958
1509974802.271;69.264;-3.988;-177.420
1509974802.287;70.720;-3.988;-177.420
1509974802.289;71.472;-3.866;-173.595
1509974802.309;70.701;-4.843;-175.990
1509974802.331;70.566;-3.830;-178.474
1509974802.351;71.156;-3.097;-176.881
1509974802.363;72.108;-3.097;-176.881
1509974802.371;69.826;-9.570;-176.752
1509974802.39;70.860;-3.495;177.747
1509974802.409;71.538;-3.377;-179.313
1509974802.43;71.637;-5.582;-174.746
1509974802.442;70.986;-5.582;-174.746
1509974802.449;70.872;-5.031;-176.181
1509974802.471;70.616;-5.485;-176.662
1509974802.478;70.357;-5.485;-176.662
1509974802.492;68.544;-10.381;-177.109
1509974802.51;69.694;-5.809;-178.957
1509974802.532;68.041;-10.240;-178.861
1509974802.551;70.177;-5.707;-177.101
1509974802.559;71.486;-5.707;-177.101
1509974802.57;71.203;-6.715;-176.726
1509974802.589;71.951;-4.392;-177.261
1509974802.61;72.028;-4.002;-177.637
1509974802.63;72.667;-3.764;-174.653
1509974802.631;71.955;-3.764;-174.653
1509974802.65;70.542;-7.882;-174.916
1509974802.671;71.142;-3.408;-179.622
1509974802.691;69.409;-7.382;-179.896
1509974802.711;69.959;-7.382;-179.896
1509974802.713;70.943;-6.592;-177.426
1509974802.73;72.074;-3.297;-178.464
1509974802.747;72.338;-3.297;-178.464
1509974802.75;72.500;-4.179;-175.779
1509974802.771;71.482;-6.973;-175.754
1509974802.791;70.932;-6.609;-178.539
1509974802.812;70.180;-8.435;-178.603
1509974802.824;70.800;-8.435;-178.603
1509974802.831;71.456;-8.546;-176.003
1509974802.852;72.543;-4.149;-178.282
1509974802.873;73.032;-2.458;-179.444
1509974802.891;73.137;-3.151;-177.206
1509974802.903;73.574;-3.151;-177.206
1509974802.91;73.337;-3.777;-177.095
1509974802.933;72.295;-6.362;-177.150
1509974802.952;72.712;-5.916;-176.060
1509974802.972;72.139;-7.442;-176.099
1509974802.978;72.480;-7.442;-176.099
1509974802.992;72.436;-6.622;-177.569
1509974803.012;72.986;-5.306;-177.457
1509974803.016;73.668;-5.306;-177.457
1509974803.032;73.357;-5.535;-178.504
1509974803.052;73.233;-5.459;-179.215
1509974803.072;73.373;-6.175;-177.283
1509974803.091;73.075;-6.667;-177.773
1509974803.092;72.182;-6.667;-177.773
1509974803.113;72.391;-6.416;-177.271
1509974803.134;72.471;-6.465;-176.840
1509974803.155;72.423;-6.705;-176.673
1509974803.173;72.252;-8.016;-175.511
1509974803.174;72.748;-8.016;-175.511
1509974803.193;73.995;-3.175;-178.146
1509974803.209;74.462;-3.175;-178.146
1509974803.212;72.473;-7.431;-179.411
1509974803.233;73.352;-6.235;-177.680
1509974803.256;73.748;-4.598;-178.870
1509974803.274;73.977;-4.611;-177.668
1509974803.288;73.224;-4.611;-177.668
1509974803.296;73.007;-5.793;-176.599
1509974803.314;72.985;-5.545;-177.131
1509974803.333;72.005;-8.425;-176.977
1509974803.354;72.914;-6.223;-176.329
1509974803.362;73.345;-6.223;-176.329
1509974803.374;73.337;-4.764;-178.994
1509974803.392;72.569;-5.038;177.991
1509974803.413;72.982;-4.542;178.852
1509974803.434;74.063;-4.176;-176.308
1509974803.44;74.231;-4.176;-176.308
1509974803.453;75.004;-2.076;-176.333
1509974803.474;73.373;-5.177;-178.775
1509974803.493;72.717;-6.263;-179.728
1509974803.513;73.579;-3.658;179.046
1509974803.515;74.394;-3.658;179.046
1509974803.536;74.575;-5.286;-176.541
1509974803.553;73.951;-8.272;-174.804
1509974803.554;73.298;-8.272;-174.804
1509974803.573;74.605;-1.156;178.777
1509974803.594;72.205;-7.702;179.822
1509974803.615;73.179;-6.469;-177.840
1509974803.635;73.467;-6.384;-176.591
1509974803.636;72.984;-6.384;-176.591
1509974803.656;73.431;-7.133;-173.352
1509974803.675;73.275;-6.503;-175.004
1509974803.693;72.999;-4.366;179.890
1509974803.71;73.293;-4.366;179.890
1509974803.714;72.525;-6.272;179.759
1509974803.734;74.354;-2.405;-178.287
1509974803.746;75.763;-2.405;-178.287
1509974803.755;74.042;-7.564;-177.424
1509974803.775;74.076;-6.288;-179.340
1509974803.794;74.038;-5.282;178.595
1509974803.814;74.007;-7.021;-178.420
1509974803.824;72.883;-7.021;-178.420
1509974803.836;73.228;-6.601;-177.395
1509974803.857;73.418;-5.604;-177.985
1509974803.875;73.830;-3.876;-178.850
1509974803.895;75.094;-1.525;-174.880
1509974803.939;75.061;-1.525;-174.880
1509974803.94;73.576;-5.397;-176.648
1509974803.94;73.368;-3.581;178.671
1509974803.953;73.607;-3.684;-179.788
1509974803.974;72.610;-7.991;-177.310
1509974803.976;72.326;-7.991;-177.310
1509974803.994;73.217;-5.135;-177.618
1509974804.015;72.575;-6.735;-178.041
1509974804.016;72.108;-6.735;-178.041
1509974804.036;73.276;-4.196;-176.039
1509974804.055;72.689;-6.369;-175.787
1509974804.076;72.568;-4.873;-178.802
1509974804.096;71.655;-6.271;179.233
1509974804.098;72.063;-6.271;179.233
1509974804.115;72.163;-7.354;-178.683
1509974804.136;72.902;-5.274;-178.528
1509974804.156;72.419;-7.502;-177.371
1509974804.171;71.281;-7.502;-177.371
1509974804.175;71.988;-3.949;-179.446
1509974804.196;71.678;-4.531;179.996
1509974804.216;72.664;-3.114;-177.037
1509974804.236;72.316;-4.999;-175.767
1509974804.248;73.942;-4.999;-175.767
1509974804.257;73.219;-6.380;-177.385
1509974804.275;72.477;-6.724;179.734
1509974804.285;71.776;-6.724;179.734
1509974804.299;71.839;-7.286;-179.169
1509974804.318;72.226;-7.428;-177.300
1509974804.337;73.635;-3.526;-176.183
1509974804.356;72.788;-5.725;-177.126
1509974804.365;72.410;-5.725;-177.126
1509974804.376;73.152;-2.857;-177.886
1509974804.397;70.875;-9.082;-179.481
1509974804.416;72.054;-3.998;178.003
1509974804.438;71.081;-7.847;179.793
1509974804.439;70.922;-7.847;179.793
1509974804.456;71.944;-7.428;-176.395
1509974804.476;72.375;-3.233;178.830
1509974804.499;72.000;-4.201;178.798
1509974804.517;72.724;-4.942;-175.948
1509974804.519;73.570;-4.942;-175.948
1509974804.537;74.031;-4.086;-174.453
1509974804.56;72.068;-9.097;-177.594
1509974804.562;71.985;-9.097;-177.594
1509974804.579;71.957;-6.548;178.824
1509974804.599;71.374;-9.660;-179.271
1509974804.617;73.687;-4.480;-175.851
1509974804.631;72.884;-4.480;-175.851
1509974804.636;72.579;-5.172;-176.609
1509974804.659;72.873;-2.763;-179.190
1509974804.679;71.425;-6.754;179.861
1509974804.698;72.176;-5.749;-177.956
1509974804.708;73.086;-5.749;-177.956
1509974804.718;72.214;-8.543;-178.197
1509974804.737;73.953;-3.446;-176.865
1509974804.758;73.156;-5.459;-178.048
1509974804.778;73.145;-4.941;-178.984
1509974804.785;72.551;-4.941;-178.984
1509974804.798;72.921;-3.822;-178.730
1509974804.818;73.725;-2.707;-175.003
1509974804.824;75.219;-2.707;-175.003
1509974804.838;74.931;-4.057;-174.512
1509974804.858;73.347;-6.191;179.957
1509974804.878;71.998;-7.677;176.482
1509974804.899;73.855;-3.401;177.231
1509974804.9;74.024;-3.401;177.231
1509974804.919;74.585;-5.453;-175.484
1509974804.938;74.971;-3.049;-177.314
1509974804.959;74.760;-2.537;179.919
1509974804.978;72.864;-9.789;-178.251
1509974804.979;73.230;-9.789;-178.251
1509974804.998;74.276;-7.123;-176.824
1509974805.017;75.491;-2.199;-178.222
1509974805.04;74.857;-6.440;-174.628
1509974805.056;74.762;-6.440;-174.628
1509974805.062;74.065;-7.033;-177.608
1509974805.079;72.317;-10.651;179.359
1509974805.096;72.081;-10.651;179.359
1509974805.1;73.031;-7.444;179.166
1509974805.119;74.381;-6.949;-174.898
1509974805.138;74.015;-7.621;-175.992
1509974805.159;72.985;-7.334;178.805
1509974805.169;73.445;-7.334;178.805
1509974805.179;74.394;-5.130;-179.977
1509974805.198;74.525;-5.895;-177.971
1509974805.22;74.980;-3.780;-178.943
1509974805.239;74.911;-4.551;-177.902
1509974805.246;75.947;-4.551;-177.902
1509974805.259;76.195;-5.062;-175.329
1509974805.279;76.259;-4.045;-176.634
1509974805.299;76.489;-2.220;-178.930
1509974805.319;75.314;-7.295;-177.372
1509974805.323;75.212;-7.295;-177.372
1509974805.34;75.847;-3.925;-179.375
1509974805.359;76.096;-3.022;-179.675
1509974805.361;76.406;-3.022;-179.675
1509974805.379;75.200;-9.046;-176.783
1509974805.4;75.306;-7.233;-178.561
1509974805.42;75.519;-5.488;179.761
1509974805.441;76.267;-5.837;-175.219
1509974805.443;76.838;-5.837;-175.219
1509974805.462;77.006;-4.677;-176.045
1509974805.482;76.332;-5.292;-179.254
1509974805.501;77.250;-1.739;178.633
1509974805.517;77.935;-1.739;178.633
1509974805.522;76.610;-6.173;-179.724
1509974805.54;76.669;-6.596;-178.689
1509974805.559;77.282;-4.005;179.929
1509974805.58;77.431;-4.449;-178.075
1509974805.592;76.414;-4.449;-178.075
1509974805.6;75.979;-7.049;-176.624
1509974805.62;74.918;-9.618;-178.606
1509974805.631;75.713;-9.618;-178.606
1509974805.642;77.025;-4.931;-178.845
1509974805.661;77.114;-5.872;-176.613
1509974805.68;77.122;-6.322;-175.871
1509974805.701;76.542;-7.193;-177.861
1509974805.708;76.162;-7.193;-177.861
1509974805.719;77.098;-3.033;-179.951
1509974805.74;76.517;-6.618;-176.783
1509974805.762;75.627;-9.653;-177.287
1509974805.78;76.697;-4.054;179.637
1509974805.785;77.836;-4.054;179.637
1509974805.801;78.790;-1.655;-179.278
1509974805.821;77.296;-7.720;-176.895
1509974805.841;77.895;-4.351;-179.269
1509974805.86;77.922;-4.389;-178.994
1509974805.861;77.256;-4.389;-178.994
1509974805.881;76.765;-8.148;-175.945
1509974805.902;77.185;-8.083;-173.814
1509974805.903;78.054;-8.083;-173.814
1509974805.922;77.774;-6.560;-177.482
1509974805.941;78.055;-4.060;179.260
1509974805.963;77.477;-6.759;-178.791
1509974805.977;77.258;-6.759;-178.791
1509974805.981;77.734;-5.001;-179.122
1509974806.001;76.947;-6.784;179.598
1509974806.022;78.614;-2.680;-177.730
1509974806.042;77.951;-6.623;-175.008
1509974806.057;78.328;-6.623;-175.008
1509974806.061;77.228;-7.812;-179.222
1509974806.082;77.182;-6.661;178.656
1509974806.102;78.982;-2.835;-177.692
1509974806.122;78.470;-6.323;-174.566
1509974806.132;77.654;-6.323;-174.566
1509974806.142;77.122;-6.223;-177.882
1509974806.162;77.245;-4.177;178.772
1509974806.171;78.715;-4.177;178.772
1509974806.181;79.087;-5.708;-175.445
1509974806.202;78.615;-8.130;-174.655
1509974806.22;78.551;-4.971;179.594
1509974806.241;78.165;-7.834;-177.400
1509974806.246;77.226;-7.834;-177.400
1509974806.263;77.640;-7.108;-176.121
1509974806.282;77.625;-4.088;178.338
1509974806.301;76.399;-8.163;179.029
1509974806.323;77.914;-4.130;-179.537
1509974806.325;79.244;-4.130;-179.537
1509974806.344;78.568;-7.005;-178.038
1509974806.364;79.585;-4.195;-176.775
1509974806.382;79.915;-2.944;-177.074
1509974806.403;78.937;-7.043;-175.899
1509974806.404;77.056;-7.043;-175.899
1509974806.422;78.123;-2.084;-177.695
1509974806.44;79.878;-2.084;-177.695
1509974806.441;79.020;-4.319;-179.086
1509974806.464;78.242;-7.661;-177.676
1509974806.483;78.800;-3.848;178.163
1509974806.503;78.740;-4.670;179.776
1509974806.52;78.775;-4.670;179.776
1509974806.526;79.118;-5.395;-176.398
1509974806.545;78.599;-6.588;-177.391
1509974806.564;78.293;-7.714;-177.210
1509974806.585;78.837;-6.033;-176.978
1509974806.593;78.987;-6.033;-176.978
1509974806.603;78.843;-6.382;-177.227
1509974806.623;79.417;-3.889;-178.613
1509974806.644;78.550;-7.415;-177.175
1509974806.664;79.061;-4.954;-178.651
1509974806.67;78.881;-4.954;-178.651
1509974806.69;79.193;-3.060;178.734
1509974806.709;78.826;-5.800;-177.292
1509974806.71;79.026;-5.800;-177.292
1509974806.726;79.101;-6.548;-175.544
1509974806.743;79.518;-5.007;-175.437
1509974806.763;79.470;-5.140;-175.531
1509974806.783;78.457;-7.504;-177.696
1509974806.784;78.190;-7.504;-177.696
1509974806.804;79.623;-1.490;178.224
1509974806.824;78.672;-5.345;-178.645
1509974806.846;77.852;-9.494;-176.686
1509974806.866;78.948;-4.143;-179.410
1509974806.868;79.661;-4.143;-179.410
1509974806.885;79.016;-7.862;-176.339
1509974806.909;79.049;-6.956;-177.570
1509974806.926;78.863;-5.714;179.009
1509974806.94;79.137;-5.714;179.009
1509974806.944;78.900;-8.242;-177.737
1509974806.964;80.757;-2.310;-177.490
1509974806.977;79.554;-2.310;-177.490
1509974807.021;78.425;-5.007;-179.717
1509974807.024;78.355;-4.601;178.921
1509974807.025;78.230;-5.779;-179.372
1509974807.044;79.974;-1.167;-176.449
1509974807.053;81.658;-1.167;-176.449
1509974807.066;80.339;-7.757;-173.271
1509974807.084;80.288;-5.448;-177.355
1509974807.104;79.990;-6.044;-178.110
1509974807.126;79.614;-8.191;-176.665
1509974807.135;79.672;-8.191;-176.665
1509974807.147;80.770;-4.222;-177.479
1509974807.164;80.227;-5.644;-178.035
1509974807.184;80.262;-5.221;-178.740
1509974807.204;80.304;-4.716;-179.676
1509974807.208;80.008;-4.716;-179.676
1509974807.225;80.062;-6.040;-176.424
1509974807.244;79.241;-8.555;-176.820
1509974807.247;78.781;-8.555;-176.820
1509974807.265;78.801;-5.927;178.858
1509974807.286;79.246;-4.662;178.736
1509974807.305;80.578;-3.010;-174.571
1509974807.325;79.861;-5.716;-174.875
1509974807.327;79.621;-5.716;-174.875
1509974807.349;78.503;-6.503;179.886
1509974807.365;78.332;-8.427;-177.742
1509974807.387;79.800;-5.163;-174.649
1509974807.401;80.007;-5.163;-174.649
1509974807.405;79.604;-6.513;-175.138
1509974807.426;78.880;-7.304;-178.097
1509974807.447;80.388;-1.321;177.783
1509974807.464;79.568;-4.531;-179.208
1509974807.481;80.147;-4.531;-179.208
1509974807.486;79.213;-7.665;-178.440
1509974807.506;81.302;-1.062;179.639
1509974807.515;82.916;-1.062;179.639
1509974807.525;82.406;-3.439;-176.370
1509974807.545;81.287;-8.388;-174.190
1509974807.567;81.337;-5.418;-179.465
1509974807.586;81.113;-6.275;-178.908
1509974807.594;81.356;-6.275;-178.908
1509974807.606;82.210;-5.532;-174.678
1509974807.627;81.513;-7.842;-175.112
1509974807.651;82.414;-3.620;-177.788
1509974807.667;80.358;-8.945;-179.290
1509974807.675;79.110;-8.945;-179.290
1509974807.688;80.646;-4.054;179.544
1509974807.707;79.374;-6.938;178.480
1509974807.73;80.414;-7.116;-175.435
1509974807.748;81.043;-4.874;-175.352
1509974807.75;82.149;-4.874;-175.352
1509974807.768;82.140;-3.952;-177.739
1509974807.786;80.758;-7.879;-178.571
1509974807.787;79.838;-7.879;-178.571
1509974807.808;81.632;-1.960;178.750
1509974807.828;80.213;-6.708;-178.671
1509974807.848;81.123;-5.223;-175.829
1509974807.862;81.243;-5.223;-175.829
1509974807.868;80.642;-6.329;-177.691
1509974807.887;81.134;-3.954;-179.804
1509974807.907;80.990;-4.863;-178.511
1509974807.926;81.512;-4.611;-175.033
1509974807.938;81.717;-4.611;-175.033
1509974807.948;80.959;-6.588;-176.838
1509974807.968;81.426;-3.711;-179.813
1509974807.978;81.066;-3.711;-179.813
1509974807.987;79.778;-7.847;-179.231
1509974808.009;80.614;-5.460;-178.824
1509974808.027;80.136;-5.934;179.152
1509974808.049;80.827;-4.838;-178.732
1509974808.053;80.892;-4.838;-178.732
1509974808.068;81.044;-5.703;-175.804
1509974808.088;81.392;-4.476;-175.613
1509974808.108;80.618;-7.061;-176.242
1509974808.128;79.984;-6.794;179.609
1509974808.13;80.433;-6.794;179.609
1509974808.148;79.754;-9.420;-179.311
1509974808.169;81.769;-3.774;-178.269
1509974808.189;81.766;-4.271;-176.944
1509974808.209;81.628;-4.191;-178.310
1509974808.21;82.545;-4.191;-178.310
1509974808.228;82.202;-4.147;178.636
1509974808.25;82.455;-4.147;178.636
1509974808.252;82.445;-5.342;-178.246
1509974808.27;82.683;-6.986;-173.494
1509974808.29;82.426;-7.353;-174.605
1509974808.309;81.596;-6.859;179.475
1509974808.327;82.111;-6.859;179.475
1509974808.328;82.791;-4.681;179.117
1509974808.348;82.327;-6.936;-179.046
1509974808.369;83.250;-4.733;-176.902
1509974808.389;83.248;-5.391;-175.504
1509974808.399;83.464;-5.391;-175.504
1509974808.408;82.851;-7.167;-176.660
1509974808.43;81.932;-9.125;-178.744
1509974808.449;83.158;-5.788;-177.088
1509974808.469;83.079;-7.097;-175.297
1509974808.477;81.544;-7.097;-175.297
1509974808.493;81.923;-4.537;-177.375
1509974808.51;82.110;-2.576;178.426
1509974808.515;83.688;-2.576;178.426
1509974808.528;83.866;-2.357;179.669
1509974808.55;83.534;-4.067;-178.064
1509974808.57;83.920;-3.252;-176.352
1509974808.591;83.143;-6.345;-176.209
1509974808.592;83.147;-6.345;-176.209
1509974808.609;82.191;-8.007;-179.285
1509974808.629;82.324;-7.333;-179.717
1509974808.65;83.564;-4.793;-176.010
1509974808.67;83.409;-6.166;-174.608
1509974808.671;84.573;-6.166;-174.608
1509974808.69;84.336;-5.150;-178.656
1509974808.709;84.154;-5.085;179.671
1509974808.73;83.977;-7.048;-177.331
1509974808.747;83.243;-7.048;-177.331
1509974808.751;83.872;-4.696;-177.071
1509974808.769;83.093;-7.764;-177.143
1509974808.784;82.495;-7.764;-177.143
1509974808.789;83.118;-5.105;-177.579
1509974808.81;83.110;-4.327;-179.546
1509974808.829;83.339;-3.942;-178.461
1509974808.85;82.635;-5.804;-179.754
1509974808.861;83.811;-5.804;-179.754
1509974808.874;84.133;-5.277;-178.476
1509974808.891;84.099;-6.584;-176.080
1509974808.91;84.286;-6.181;-175.397
1509974808.931;83.923;-5.577;-179.436
1509974808.939;83.231;-5.577;-179.436
1509974808.95;82.518;-7.974;-179.597
1509974808.97;83.140;-7.474;-176.646
1509974808.991;83.143;-7.071;-177.244
1509974809.01;83.410;-5.405;-178.410
1509974809.015;83.725;-5.405;-178.410
1509974809.031;84.262;-3.652;-177.807
1509974809.051;84.033;-4.804;-177.122
1509974809.057;84.072;-4.804;-177.122
1509974809.072;83.380;-6.846;-178.362
1509974809.091;83.951;-4.683;-178.512
1509974809.11;84.227;-4.819;-175.655
1509974809.132;83.977;-7.396;-173.517
1509974809.133;85.821;-7.396;-173.517
1509974809.151;86.100;-3.533;-177.858
1509974809.173;86.378;-1.915;179.996
1509974809.194;85.597;-6.432;-176.495
1509974809.207;85.345;-6.432;-176.495
1509974809.213;85.246;-6.162;-177.725
1509974809.231;85.241;-5.175;-179.784
1509974809.251;85.690;-3.896;-178.497
1509974809.271;85.304;-8.007;-174.721
1509974809.283;85.914;-8.007;-174.721
1509974809.292;85.071;-9.038;-178.497
1509974809.313;85.797;-4.395;177.002
1509974809.328;85.946;-4.395;177.002
1509974809.334;85.807;-8.762;-176.103
1509974809.353;86.424;-7.679;-173.132
1509974809.371;86.867;-3.245;-174.983
1509974809.391;85.459;-8.610;-178.382
1509974809.402;85.261;-8.610;-178.382
1509974809.411;86.010;-3.695;178.341
1509974809.431;86.060;-5.092;-177.628
1509974809.454;86.154;-5.502;-176.027
1509974809.472;86.238;-3.413;-179.668
1509974809.478;86.938;-3.413;-179.668
1509974809.492;86.871;-4.282;-177.965
1509974809.512;86.084;-7.967;-177.918
1509974809.532;86.813;-4.150;-178.985
1509974809.553;86.519;-6.886;-176.370
1509974809.554;87.147;-6.886;-176.370
1509974809.571;87.135;-9.211;-174.179
1509974809.592;86.489;-8.118;-179.371
1509974809.593;85.907;-8.118;-179.371
1509974809.612;85.691;-8.089;179.207
1509974809.632;87.196;-2.157;-178.033
1509974809.653;87.142;-4.940;-173.157
1509974809.67;87.822;-4.940;-173.157
1509974809.672;87.832;-2.221;-178.148
1509974809.692;87.109;-5.572;-179.558
1509974809.712;87.607;-3.739;-177.648
1509974809.732;87.009;-9.203;-176.003
1509974809.745;86.680;-9.203;-176.003
1509974809.752;86.458;-8.624;-177.869
1509974809.772;85.943;-8.710;179.067
1509974809.794;87.096;-4.601;-177.998
1509974809.813;86.852;-8.500;-175.466
1509974809.824;86.061;-8.500;-175.466
1509974809.835;86.306;-4.060;-179.429
1509974809.853;86.457;-3.909;-177.915
1509974809.861;86.389;-3.909;-177.915
1509974809.872;86.532;-7.643;-173.178
1509974809.894;86.564;-4.440;-174.971
1509974809.914;85.935;-6.967;-178.136
1509974809.933;86.000;-6.366;-178.303
1509974809.938;85.785;-6.366;-178.303
1509974809.955;85.692;-7.110;-178.277
1509974809.974;86.104;-4.523;-177.412
1509974809.994;85.832;-5.654;-178.727
1509974810.015;85.508;-6.046;178.972
1509974810.017;85.235;-6.046;178.972
1509974810.033;85.602;-5.958;-178.021
1509974810.054;86.035;-8.311;-173.104
1509974810.074;86.314;-5.447;-171.617
1509974810.123;85.505;-7.188;-177.532
1509974810.124;84.915;-7.188;-177.532
1509974810.125;85.011;-3.713;178.033
1509974810.13;85.055;-3.713;178.033
1509974810.135;85.328;-2.902;179.778
1509974810.153;85.618;-4.297;-174.027
1509974810.174;85.413;-4.349;-176.498
1509974810.194;85.140;-4.761;-179.005
1509974810.207;84.374;-4.761;-179.005
1509974810.215;84.341;-6.592;-177.480
1509974810.234;84.489;-6.269;-176.487
1509974810.256;84.563;-6.090;-175.951
1509974810.274;84.604;-5.319;-176.076
1509974810.285;84.306;-5.319;-176.076
1509974810.294;84.274;-3.966;-177.636
1509974810.315;84.039;-3.799;179.176
1509974810.335;84.033;-3.700;178.913
1509974810.356;84.265;-5.895;-176.113
1509974810.362;84.268;-5.895;-176.113
1509974810.375;84.339;-6.821;-174.989
1509974810.394;83.988;-6.975;-177.638
1509974810.398;82.783;-6.975;-177.638
1509974810.414;82.812;-7.657;-176.989
1509974810.435;83.065;-5.885;-176.085
1509974810.458;83.156;-3.101;-177.897
1509974810.479;83.169;-3.336;-177.354
1509974810.48;82.672;-3.336;-177.354
1509974810.496;82.391;-4.514;-179.394
1509974810.516;82.294;-4.527;179.597
1509974810.535;82.335;-6.057;-178.420
1509974810.555;82.672;-6.922;-175.185
1509974810.556;82.962;-6.922;-175.185
1509974810.576;82.786;-6.734;-176.669
1509974810.596;82.833;-2.924;-179.625
1509974810.616;82.634;-6.580;-177.966
1509974810.631;82.229;-6.580;-177.966
1509974810.636;82.095;-7.474;-178.557
1509974810.656;82.014;-6.707;-179.603
1509974810.668;82.442;-6.707;-179.603
1509974810.675;82.940;-6.846;-175.563
1509974810.695;83.095;-8.096;-174.288
1509974810.715;82.624;-4.458;-179.937
1509974810.736;82.518;-4.277;178.673
1509974810.748;82.237;-4.277;178.673
1509974810.757;82.692;-3.244;-176.650
1509974810.776;82.512;-5.549;-177.322
1509974810.796;82.150;-5.443;179.218
1509974810.816;82.002;-6.817;179.297
1509974810.822;82.869;-6.817;179.297
1509974810.837;83.136;-6.472;-178.756
1509974810.856;83.334;-5.687;-177.274
1509974810.876;83.386;-3.987;-177.322
1509974810.895;83.444;-6.988;-176.071
1509974810.899;83.040;-6.988;-176.071
1509974810.917;82.895;-5.087;-177.952
1509974810.937;82.586;-6.938;-179.673
1509974810.939;83.313;-6.938;-179.673
1509974810.958;83.505;-4.535;-179.704
1509974810.979;83.674;-3.407;-178.636
1509974811.001;83.671;-5.663;-177.241
1509974811.018;83.366;-6.769;-179.358
1509974811.02;82.353;-6.769;-179.358
1509974811.037;82.366;-4.524;179.037
1509974811.057;82.642;-3.367;-178.699
1509974811.076;82.714;-8.567;-176.242
1509974811.094;82.953;-8.567;-176.242
1509974811.098;82.464;-9.350;-179.142
1509974811.117;82.689;-3.847;179.374
1509974811.136;82.905;-4.937;-177.255
1509974811.158;83.151;-6.050;-174.614
1509974811.168;83.047;-6.050;-174.614
1509974811.177;82.957;-3.966;-174.855
1509974811.198;82.923;-5.591;-175.750
1509974811.208;82.285;-5.591;-175.750
1509974811.219;82.025;-6.948;-177.820
1509974811.237;81.830;-3.978;178.273
1509974811.258;81.320;-6.184;176.108
1509974811.278;82.199;-2.605;-177.930
1509974811.283;83.128;-2.605;-177.930
1509974811.298;83.250;-2.149;-175.407
1509974811.317;83.023;-7.199;-177.353
1509974811.338;82.601;-9.227;-179.626
1509974811.359;82.739;-7.999;-179.193
1509974811.36;83.054;-7.999;-179.193
1509974811.377;83.129;-10.377;-178.295
1509974811.399;83.390;-5.814;-176.852
1509974811.418;83.320;-7.354;-177.361
1509974811.439;82.773;-7.226;178.469
1509974811.44;84.016;-7.226;178.469
1509974811.458;84.319;-3.420;177.066
1509974811.478;84.397;-4.945;179.955
1509974811.479;86.142;-4.945;179.955
1509974811.499;86.133;-7.277;-178.311
1509974811.519;86.063;-7.104;-178.945
1509974811.54;86.454;-2.442;-179.077
1509974811.552;87.346;-2.442;-179.077
1509974811.558;87.389;-2.401;-178.251
1509974811.578;87.305;-2.265;179.578
1509974811.599;87.169;-2.189;176.415
1509974811.619;86.630;-8.017;-179.976
1509974811.63;87.810;-8.017;-179.976
1509974811.641;87.553;-7.832;178.059
1509974811.658;87.554;-7.403;177.586
1509974811.679;88.191;-6.938;-177.931
1509974811.701;88.389;-9.263;-175.545
1509974811.708;89.587;-9.263;-175.545
1509974811.72;89.423;-4.919;-178.755
1509974811.74;89.266;-7.649;-178.254
1509974811.745;88.206;-7.649;-178.254
1509974811.758;88.148;-9.077;-178.032
1509974811.779;88.584;-1.602;-179.166
1509974811.799;88.376;-4.236;-179.006
1509974811.819;88.462;-2.263;179.262
1509974811.822;87.707;-2.263;179.262
1509974811.839;87.940;0.268;178.177
1509974811.859;87.669;-3.927;-179.166
1509974811.88;87.719;-7.241;-177.195
1509974811.9;87.764;-4.768;-177.444
1509974811.901;84.983;-4.768;-177.444
1509974811.919;85.050;-6.965;-176.658
1509974811.942;85.090;-3.994;-176.086
1509974811.943;84.213;-3.994;-176.086
1509974811.961;84.097;-5.122;-177.705
1509974811.98;84.257;-10.725;-176.886
1509974812.0;84.170;-7.751;-177.137
1509974812.014;83.921;-7.751;-177.137
1509974812.023;84.266;-11.136;-175.952
1509974812.039;83.626;-7.761;-179.354
1509974812.06;83.471;-6.332;179.187
1509974812.08;83.990;-7.855;-176.644
1509974812.092;84.898;-7.855;-176.644
1509974812.099;85.003;-6.175;-174.815
1509974812.12;84.726;-6.056;-177.473
1509974812.139;84.313;-6.679;178.787
1509974812.16;84.369;-3.724;178.195
1509974812.171;83.526;-3.724;178.195
1509974812.179;83.693;-1.829;-178.421
1509974812.201;84.604;-7.321;-172.180
1509974812.206;83.658;-7.321;-172.180
1509974812.221;82.948;-3.625;-176.690
1509974812.241;82.800;-2.997;-179.130
1509974812.262;83.239;-8.610;-176.427
1509974812.281;82.840;-8.419;-179.156
1509974812.283;84.546;-8.419;-179.156
1509974812.302;84.335;-4.092;178.478
1509974812.321;84.897;-8.757;-176.831
1509974812.341;84.768;-6.130;-176.795
1509974812.362;84.347;-5.657;179.119
1509974812.364;83.402;-5.657;179.119
1509974812.382;83.908;-6.921;-176.445
1509974812.4;83.685;-2.670;-175.505
1509974812.421;84.393;-9.442;-174.421
1509974812.439;84.868;-9.442;-174.421
1509974812.441;84.036;-5.705;-179.882
1509974812.461;84.024;-5.152;179.887
1509974812.477;84.032;-5.152;179.887
1509974812.482;84.699;-8.331;-175.456
1509974812.501;84.107;-4.967;-179.238
1509974812.52;83.995;-2.932;179.153
1509974812.543;84.514;-7.350;-176.295
1509974812.552;83.447;-7.350;-176.295
1509974812.567;83.871;-9.679;-174.629
1509974812.581;83.027;-2.980;-179.424
1509974812.603;83.416;-8.689;-177.137
1509974812.621;83.339;-6.457;-176.770
1509974812.629;83.727;-6.457;-176.770
1509974812.642;83.369;-4.364;179.738
1509974812.662;83.463;-5.859;-179.147
1509974812.683;83.479;-4.172;-178.798
1509974812.702;83.580;-4.408;-177.480
1509974812.706;84.212;-4.408;-177.480
1509974812.721;84.493;-8.774;-176.749
1509974812.743;84.168;-4.273;-178.034
1509974812.745;84.001;-4.273;-178.034
1509974812.763;84.129;-4.573;-176.438
1509974812.783;84.694;-10.102;-174.951
1509974812.803;83.843;-5.490;179.982
1509974812.822;83.766;-3.093;178.199
1509974812.823;84.028;-3.093;178.199
1509974812.842;84.630;-8.097;-176.383
1509974812.863;84.148;-2.781;-179.613
1509974812.885;84.194;-5.109;-179.225
1509974812.899;84.144;-5.109;-179.225
1509974812.905;84.312;-6.585;-177.725
1509974812.924;84.544;-8.009;-176.296
1509974812.944;84.544;-8.263;-176.390
1509974812.963;84.204;-6.098;-178.637
1509974812.975;83.531;-6.098;-178.637
1509974812.984;83.546;-2.926;-176.871
1509974813.005;83.744;-5.413;-176.069
1509974813.016;82.646;-5.413;-176.069
1509974813.026;82.247;-4.435;179.388
1509974813.044;82.384;-6.819;-179.169
1509974813.069;82.638;-8.146;-177.458
1509974813.087;82.322;-6.691;-179.692
1509974813.091;82.975;-6.691;-179.692
1509974813.105;83.279;-6.606;-176.956
1509974813.124;83.335;-3.930;-173.706
1509974813.145;83.352;-8.919;-177.344
1509974813.163;82.893;-3.370;179.154
1509974813.211;83.123;-3.370;179.154
1509974813.212;83.467;-6.941;-177.455
1509974813.213;83.758;-7.907;-175.564
1509974813.223;83.161;-3.207;179.742
1509974813.242;83.205;-4.747;-179.557
1509974813.244;83.028;-4.747;-179.557
1509974813.264;83.002;-2.637;-178.965
1509974813.283;83.291;-6.626;-177.641
1509974813.284;84.942;-6.626;-177.641
1509974813.303;84.808;-2.787;-177.284
1509974813.323;84.946;-7.216;-177.808
1509974813.346;84.847;-7.480;-178.668
1509974813.359;83.340;-7.480;-178.668
1509974813.364;83.231;-6.192;-179.354
1509974813.384;83.257;-3.209;-178.150
1509974813.403;83.822;-7.566;-174.825
1509974813.423;83.458;-9.531;-178.352
1509974813.437;83.821;-9.531;-178.352
1509974813.444;83.602;-3.437;-178.841
1509974813.464;84.096;-7.391;-175.492
1509974813.483;83.891;-6.063;-176.485
1509974813.503;83.557;-7.980;-179.878
1509974813.514;83.029;-7.980;-179.878
1509974813.523;83.191;-5.562;-178.286
1509974813.544;83.429;-5.734;-175.820
1509974813.552;82.215;-5.734;-175.820
1509974813.565;81.946;-4.368;-178.359
1509974813.588;81.651;-5.464;178.306
1509974813.605;81.852;-3.967;-179.622
1509974813.628;82.014;-3.590;-176.922
1509974813.629;83.522;-3.590;-176.922
1509974813.646;83.732;-6.016;-175.799
1509974813.667;83.574;-4.634;-176.782
1509974813.686;83.423;-6.247;-178.882
1509974813.707;83.317;-5.651;-179.909
1509974813.709;83.829;-5.651;-179.909
1509974813.727;84.259;-9.607;-177.316
1509974813.748;84.270;-8.675;-176.932
1509974813.768;83.969;-6.045;-178.560
1509974813.786;83.910;-3.415;-178.733
1509974813.787;82.611;-3.415;-178.733
1509974813.806;82.801;-6.213;-177.217
1509974813.822;84.006;-6.213;-177.217
1509974813.83;84.120;-7.510;-177.003
1509974813.846;83.824;-3.485;-177.377
1509974813.865;84.190;-7.363;-176.331
1509974813.884;83.787;-4.424;-178.668
1509974813.898;82.154;-4.424;-178.668
1509974813.905;82.142;-5.828;-179.302
1509974813.925;82.263;-4.740;-177.378
1509974813.945;82.369;-6.230;-177.196
1509974813.965;82.297;-7.283;-178.363
1509974813.979;83.260;-7.283;-178.363
1509974813.985;83.480;-7.669;-176.765
1509974814.007;83.617;-9.020;-176.560
1509974814.027;83.591;-9.600;-177.034
1509974814.045;83.369;-7.636;-177.636
1509974814.051;82.592;-7.636;-177.636
1509974814.065;82.294;-4.272;-179.015
1509974814.085;82.797;-7.805;-176.090
1509974814.09;83.251;-7.805;-176.090
1509974814.106;82.789;-3.507;-178.697
1509974814.128;82.702;-1.564;179.673
1509974814.148;83.166;-6.630;-176.036
1509974814.167;82.900;-4.789;-177.709
1509974814.169;82.759;-4.789;-177.709
1509974814.187;82.857;-6.802;-177.669
1509974814.207;83.184;-9.226;-176.346
1509974814.227;82.690;-3.164;-177.708
1509974814.245;82.600;-3.786;-179.564
1509974814.246;82.379;-3.786;-179.564
1509974814.267;82.875;-10.560;-178.038
1509974814.286;82.320;-1.916;179.957
1509974814.307;82.472;-4.145;-178.334
1509974814.32;81.777;-4.145;-178.334
1509974814.326;82.282;-8.698;-175.731
1509974814.348;81.954;-7.310;-177.586
1509974814.362;81.373;-7.310;-177.586
1509974814.368;81.346;-5.798;-176.983
1509974814.386;81.400;-6.766;-177.064
1509974814.411;81.313;-5.431;-177.097
1509974814.426;81.090;-4.705;-179.458
1509974814.436;81.585;-4.705;-179.458
1509974814.447;81.726;-4.897;-177.747
1509974814.468;81.672;-4.805;-178.382
1509974814.488;81.573;-5.018;-179.712
1509974814.508;81.882;-7.882;-177.948
1509974814.515;82.145;-7.882;-177.948
1509974814.529;82.366;-7.449;-175.954
1509974814.546;82.048;-4.015;-176.840
1509974814.567;82.169;-5.853;-176.724
1509974814.589;82.097;-4.914;-176.890
1509974814.591;82.383;-4.914;-176.890
1509974814.607;82.253;-3.212;-177.466
1509974814.627;82.487;-5.964;-176.482
1509974814.628;81.990;-5.964;-176.482
1509974814.647;81.989;-6.204;-176.647
1509974814.667;81.629;-6.523;179.859
1509974814.691;81.666;-5.883;-179.760
1509974814.709;81.877;-5.198;-177.262
1509974814.71;82.753;-5.198;-177.262
1509974814.727;82.840;-5.759;-176.616
1509974814.748;82.770;-5.920;-177.438
1509974814.767;82.631;-3.301;-177.948
1509974814.782;82.131;-3.301;-177.948
1509974814.79;82.512;-7.785;-177.311
1509974814.807;82.510;-6.944;-176.700
1509974814.827;82.370;-6.646;-177.771
1509974814.847;82.469;-6.365;-176.581
1509974814.859;81.480;-6.365;-176.581
1509974814.867;81.119;-3.602;-177.721
1509974814.888;81.040;-5.814;179.199
1509974814.898;81.796;-5.814;179.199
1509974814.908;81.730;-5.463;178.569
1509974814.929;81.887;-2.648;-177.115
1509974814.948;82.807;-7.212;-172.095
1509974814.969;82.268;-6.484;-176.422
1509974814.974;81.475;-6.484;-176.422
1509974814.989;81.033;-4.814;179.744
1509974815.008;81.379;-7.984;-178.320
1509974815.029;81.530;-8.167;-177.264
1509974815.049;81.010;-2.283;-179.398
1509974815.051;81.316;-2.283;-179.398
1509974815.07;81.499;-4.633;-177.955
1509974815.09;81.564;-5.386;-177.729
1509974815.108;81.241;-3.765;178.671
1509974815.13;81.473;-3.563;-177.246
1509974815.131;81.635;-3.563;-177.246
1509974815.149;82.551;-9.066;-173.662
1509974815.169;81.702;-4.168;-176.832
1509974815.171;82.436;-4.168;-176.832
1509974815.189;82.254;-7.321;-179.880
1509974815.209;82.497;-6.573;-177.608
1509974815.231;82.501;-8.774;-178.358
1509974815.246;83.019;-8.774;-178.358
1509974815.252;82.700;-6.329;-179.895
1509974815.271;82.642;-4.002;-179.573
1509974815.29;83.055;-8.002;-177.688
1509974815.311;82.868;-6.867;-178.584
1509974815.325;81.673;-6.867;-178.584
1509974815.33;81.668;-4.869;-177.865
1509974815.351;82.002;-6.527;-175.347
1509974815.372;81.751;-7.607;-178.175
1509974815.393;81.427;-4.677;179.200
1509974815.4;81.977;-4.677;179.200
1509974815.413;82.300;-7.080;-178.223
1509974815.429;82.267;-3.712;-175.813
1509974815.436;81.618;-3.712;-175.813
1509974815.449;81.444;-2.523;-177.756
1509974815.47;81.981;-7.876;-176.221
1509974815.49;81.835;-7.520;-177.170
1509974815.51;81.496;-3.739;-178.101
1509974815.513;81.071;-3.739;-178.101
1509974815.529;81.691;-8.764;-175.524
1509974815.55;81.294;-7.724;-177.910
1509974815.573;80.789;-4.303;177.706
1509974815.596;81.065;-3.421;-177.960
1509974815.598;80.808;-3.421;-177.960
1509974815.61;81.289;-5.961;-174.707
1509974815.63;80.686;-2.838;-179.937
1509974815.649;80.742;-6.846;178.984
1509974815.668;82.448;-6.846;178.984
1509974815.67;82.813;-5.382;-177.136
1509974815.692;83.033;-7.202;-176.162
1509974815.708;82.506;-7.202;-176.162
1509974815.71;82.159;-4.069;-177.214
1509974815.73;82.223;-6.631;-178.344
1509974815.75;81.957;-4.293;179.639
1509974815.771;81.886;-3.458;178.657
1509974815.785;81.425;-3.458;178.657
1509974815.79;81.773;-6.570;-177.986
1509974815.811;81.665;-3.788;-177.455
1509974815.831;81.923;-10.006;-178.273
1509974815.851;81.447;-9.546;178.933
1509974815.859;80.743;-9.546;178.933
1509974815.871;81.011;-6.928;-177.830
1509974815.891;80.939;-4.463;-175.689
1509974815.912;81.222;-6.282;-174.944
1509974815.932;81.032;-5.748;-176.406
1509974815.936;81.464;-5.748;-176.406
1509974815.951;81.219;-5.714;-179.141
1509974815.971;81.137;-4.162;-179.263
1509974815.975;80.961;-4.162;-179.263
1509974815.992;81.452;-6.832;-175.871
1509974816.012;81.295;-7.518;-177.870
1509974816.034;80.836;-2.604;179.289
1509974816.051;81.145;-5.136;-177.531
1509974816.052;80.814;-5.136;-177.531
1509974816.071;81.119;-8.051;-177.001
1509974816.091;81.132;-8.026;-176.881
1509974816.112;81.198;-7.372;-175.733
1509974816.128;81.996;-7.372;-175.733
1509974816.136;81.772;-7.673;-177.936
1509974816.152;81.271;-3.104;179.230
1509974816.167;81.701;-3.104;179.230
1509974816.171;82.005;-4.643;-176.827
1509974816.193;82.305;-5.935;-174.595
1509974816.213;81.794;-6.226;179.900
1509974816.234;81.754;-6.909;179.426
1509974816.243;80.613;-6.909;179.426
1509974816.285;80.805;-5.645;-177.976
1509974816.286;80.672;-3.691;-177.836
1509974816.294;80.890;-6.120;-177.454
1509974816.314;80.618;-5.674;179.914
1509974816.32;80.239;-5.674;179.914
1509974816.331;80.290;-6.348;-179.801
1509974816.353;80.373;-3.913;-177.006
1509974816.373;80.903;-7.168;-174.568
1509974816.396;80.361;-5.011;-178.313
1509974816.398;80.620;-5.011;-178.313
1509974816.414;80.443;-4.688;179.570
1509974816.433;81.331;-8.306;-174.937
1509974816.435;81.240;-8.306;-174.937
1509974816.453;80.917;-5.761;-174.411
1509974816.473;80.767;-6.456;-177.166
1509974816.496;80.455;-5.759;-179.907
1509974816.517;80.509;-9.177;179.096
1509974816.518;79.809;-9.177;179.096
1509974816.536;79.674;-6.964;178.872
1509974816.554;80.009;-5.797;-176.755
1509974816.574;80.389;-6.718;-173.800
1509974816.59;81.509;-6.718;-173.800
1509974816.593;80.772;-4.360;-179.962
1509974816.615;80.805;-5.073;-179.965
1509974816.635;81.053;-6.664;-178.356
1509974816.654;81.141;-5.802;-176.571
1509974816.668;78.673;-5.802;-176.571
1509974816.675;78.854;-5.990;-174.563
1509974816.693;78.494;-4.556;-177.479
1509974816.706;78.633;-4.556;-177.479
1509974816.714;78.325;-3.988;178.215
1509974816.736;78.415;-5.793;178.966
1509974816.755;78.578;-5.842;-179.313
1509974816.776;78.534;-3.636;-178.024
1509974816.783;78.321;-3.636;-178.024
1509974816.798;78.989;-9.279;-175.948
1509974816.816;78.634;-5.579;-175.564
1509974816.835;78.128;-4.619;178.608
1509974816.854;78.596;-8.263;-178.183
1509974816.862;80.034;-8.263;-178.183
1509974816.874;80.344;-9.435;-176.788
1509974816.897;79.505;-1.857;-179.312
1509974816.916;80.000;-5.851;-176.158
1509974816.936;80.640;-11.194;-176.288
1509974816.938;80.323;-11.194;-176.288
1509974816.956;79.255;-3.695;179.486
1509974816.975;79.322;-5.072;179.772
1509974816.979;78.004;-5.072;179.772
1509974816.995;78.535;-6.481;-175.263
1509974817.014;78.261;-6.258;-178.054
1509974817.035;78.065;-8.034;179.262
1509974817.052;79.183;-8.034;179.262
1509974817.054;79.096;-2.627;179.996
1509974817.075;79.488;-5.293;-176.082
1509974817.094;79.667;-7.414;-176.448
1509974817.116;79.065;-2.142;179.440
1509974817.129;78.329;-2.142;179.440
1509974817.135;78.767;-6.002;-177.118
1509974817.156;79.645;-11.382;-175.346
1509974817.176;78.669;-5.926;-178.173
1509974817.195;78.443;-5.495;179.536
1509974817.206;78.346;-5.495;179.536
1509974817.216;78.815;-8.660;-178.033
1509974817.236;78.286;-3.964;179.424
1509974817.245;76.986;-3.964;179.424
1509974817.255;77.065;-3.800;-179.020
1509974817.275;77.231;-4.058;-176.065
1509974817.299;76.859;-0.057;-179.426
1509974817.317;77.043;-3.306;-178.813
1509974817.325;76.989;-3.306;-178.813
1509974817.335;77.328;-5.965;-177.019
1509974817.356;77.747;-7.962;-175.207
1509974817.378;78.406;-10.776;-173.645
1509974817.396;77.961;-10.043;-175.862
1509974817.398;77.055;-10.043;-175.862
1509974817.42;76.151;-6.996;179.329
1509974817.44;75.918;-1.210;-179.885
1509974817.459;76.007;-2.679;-179.238
1509974817.476;76.179;-9.566;178.517
1509974817.477;76.420;-9.566;178.517
1509974817.496;78.550;-14.561;-173.186
1509974817.513;78.851;-14.561;-173.186
1509974817.515;78.596;-11.057;-169.925
1509974817.537;76.964;-10.832;179.749
1509974817.559;76.845;-8.526;-179.794
1509974817.577;77.059;-7.951;-177.548
1509974817.594;80.425;-7.951;-177.548
1509974817.597;80.246;-11.067;-177.542
1509974817.617;80.542;-11.567;-175.985
1509974817.638;79.582;-15.788;-179.124
1509974817.658;79.343;-19.844;-179.128
1509974817.666;81.793;-19.844;-179.128
1509974817.678;84.243;-20.278;-172.405
1509974817.697;77.028;-26.084;177.432
1509974817.718;79.571;-33.637;-172.682
1509974817.738;79.411;-30.888;-174.544
1509974817.743;84.340;-30.888;-174.544
1509974817.757;94.962;-27.519;-174.257
1509974817.778;100.706;-25.595;-172.768
1509974817.782;-165.153;-25.595;-172.768
1509974817.797;-157.037;-23.992;-175.239
1509974817.819;-162.708;-19.052;-175.676
1509974817.84;-172.424;-18.675;-172.498
1509974817.858;-176.299;-20.875;-171.072
1509974817.86;-144.066;-20.875;-171.072
1509974817.878;-157.243;-15.520;-168.905
1509974817.898;-160.250;-10.938;-169.466
1509974817.919;-158.490;-12.821;-169.575
1509974817.939;-155.850;-12.996;-170.847
1509974817.941;-156.405;-12.996;-170.847
1509974817.959;-153.054;-11.183;-174.480
1509974817.979;-153.329;-10.006;-174.945
1509974817.999;-152.843;-10.784;-174.900
1509974818.013;-158.538;-10.784;-174.900
1509974818.018;-156.251;-11.943;-176.424
1509974818.04;-154.156;-13.140;-177.712
1509974818.051;-153.323;-13.140;-177.712
1509974818.059;-152.161;-14.389;-178.336
1509974818.078;-150.673;-15.917;-179.110
1509974818.099;-149.240;-15.822;178.874
1509974818.119;-145.166;-17.276;174.070
1509974818.128;-149.975;-17.276;174.070
1509974818.139;-147.132;-19.445;170.911
1509974818.158;-148.120;-20.311;173.767
1509974818.179;-148.959;-21.267;176.230
1509974818.2;-149.316;-21.705;177.259
1509974818.206;-147.298;-21.705;177.259
1509974818.222;-146.277;-22.564;176.486
1509974818.24;-146.327;-23.346;177.522
1509974818.259;-145.777;-24.894;178.524
1509974818.279;-145.197;-25.148;177.887
1509974818.283;-144.000;-25.148;177.887
1509974818.3;-144.538;-25.556;179.219
1509974818.319;-146.746;-26.380;-176.875
1509974818.321;-144.132;-26.380;-176.875
1509974818.339;-146.957;-25.732;-174.317
1509974818.361;-149.585;-24.787;-172.460
1509974818.38;-154.699;-22.458;-169.318
1509974818.4;-161.017;-20.631;-164.739
1509974818.402;-156.263;-20.631;-164.739
1509974818.423;-159.235;-20.681;-162.118
1509974818.44;-157.847;-23.021;-161.960
1509974818.461;-156.715;-21.605;-163.739
1509974818.478;-149.323;-21.605;-163.739
1509974818.48;-150.159;-18.086;-165.823
1509974818.501;-153.730;-14.811;-164.340
1509974818.52;-152.487;-18.767;-162.898
1509974818.54;-151.423;-19.885;-163.101
1509974818.554;-145.493;-19.885;-163.101
1509974818.559;-145.818;-18.698;-163.914
1509974818.579;-143.516;-19.407;-165.897
1509974818.59;-133.409;-19.407;-165.897
1509974818.599;-131.787;-21.426;-165.483
1509974818.619;-134.757;-20.677;-160.744
1509974818.64;-134.763;-22.685;-157.199
1509974818.661;-132.852;-24.534;-156.786
1509974818.667;-126.950;-24.534;-156.786
1509974818.68;-123.420;-27.281;-159.253
1509974818.699;-123.147;-27.495;-159.481
1509974818.72;-124.369;-27.256;-155.139
1509974818.74;-118.116;-32.968;-147.162
1509974818.743;-107.165;-32.968;-147.162
1509974818.76;-96.410;-37.604;-139.540
1509974818.781;-94.489;-40.692;-148.060
1509974818.801;-97.480;-48.657;-169.843
1509974818.821;-106.379;-33.104;-134.301
1509974818.822;-108.488;-33.104;-134.301
1509974818.84;-127.831;-25.416;-114.418
1509974818.861;-109.030;-33.188;-112.609
1509974818.862;-105.415;-33.188;-112.609
1509974818.881;-104.239;-35.726;-121.767
1509974818.901;-107.496;-33.405;-123.465
1509974818.922;-123.616;-25.252;-97.240
1509974818.936;-102.495;-25.252;-97.240
1509974818.942;-89.996;-27.619;-68.293
1509974818.961;-57.409;-29.866;-46.899
1509974818.981;65.160;-25.855;-34.203
1509974819.0;102.951;-22.250;-26.142
1509974819.012;-67.771;-22.250;-26.142
1509974819.021;-16.593;-23.508;-11.229
1509974819.042;61.718;-20.491;2.752
1509974819.061;66.358;-19.605;3.195
1509974819.082;37.747;-23.331;-1.369
1509974819.089;-31.828;-23.331;-1.369
1509974819.101;-61.345;-21.522;-13.976
1509974819.122;-64.700;-18.775;-12.219
1509974819.128;-61.383;-18.775;-12.219
1509974819.142;-43.216;-17.279;-0.849
1509974819.162;-35.264;-14.910;3.350
1509974819.181;-55.049;-11.558;1.486
1509974819.202;-63.866;-14.803;-7.748
1509974819.205;-65.663;-14.803;-7.748
1509974819.222;-49.122;-23.158;-6.896
1509974819.243;-36.626;-25.033;-1.431
1509974819.262;-27.342;-25.885;2.433
1509974819.284;-12.137;-30.983;7.581
1509974819.285;-19.581;-30.983;7.581
1509974819.304;-13.877;-32.825;9.710
1509974819.322;-23.940;-28.187;6.660
1509974819.343;-39.068;-21.203;4.403
1509974819.394;-45.450;-21.203;4.403
1509974819.395;-39.513;-19.770;8.050
1509974819.396;-36.897;-22.090;7.354
1509974819.396;-40.282;-22.090;7.354
1509974819.402;-39.880;-22.512;7.200
1509974819.422;-40.039;-22.094;7.452
1509974819.444;-33.863;-25.000;8.053
1509974819.462;-38.901;-23.682;6.756
1509974819.473;-42.061;-23.682;6.756
1509974819.482;-44.631;-21.754;7.045
1509974819.504;-43.690;-19.914;9.079
1509974819.523;-43.737;-20.599;8.469
1509974819.542;-39.452;-23.381;8.268
